index,Formula,sim_cell,PBE_LC,PBE_bgType,PBE_bg_eV,PBE_dbg_eV,PBE_FormE_eV,PBE_DecoE_eV,dielc,PV_FOM,SLME_5um,SLME_100um,HSE_LC,HSE_bgType,HSE_bg_eV,HSE_dbg_eV,HSE_FormE_eV,HSE_DecoE_eV
0,MAGeCl3,2x2x2,5.61856,Direct,1.954,1.9549,-6.62302,-0.389021,4.2358,5.06336,0.147931,0.23505,5.70384,Direct,3.022,3.0221,-6.84254,-0.222536
1,MAGeBr3,2x2x2,5.92741,Direct,1.612,1.6123,-5.56982,-0.246824,4.93927,5.20034,0.203633,0.298218,6.11748,Direct,3.3229,3.3229,-6.06859,-0.328594
2,MAGeI3,2x2x2,6.25071,Direct,1.311,1.311,-4.15937,-0.0283656,6.31607,5.35753,0.230784,0.325905,6.45718,Direct,2.5573,2.5573,-4.54997,0.330034
3,MASnCl3,2x2x2,5.75708,Direct,1.582,1.5821,-7.20384,-0.250845,4.45727,5.16176,0.165298,0.303559,5.86279,Direct,3.1821,3.1821,-7.45214,-0.232144
4,MASnBr3,2x2x2,6.06942,Direct,1.262,1.2624,-6.16677,-0.224765,5.33183,5.28127,0.198125,0.322138,6.2493,Direct,3.5319,3.5319,-6.62893,-0.17893
5,MASnI3,2x2x2,6.36333,Direct,0.879,0.8792,-4.72488,-0.154882,7.88733,5.46681,0.200203,0.273765,6.59406,Direct,2.5741,2.5741,-5.10386,0.346137
6,MAPbI3,2x2x2,6.42222,Direct,1.852,1.8522,-5.06588,0.035125,6.0004,5.39772,0.216352,0.256961,6.47305,Indirect,2.6353,2.7094,-5.64002,0.529983
7,MAPbBr3,2x2x2,6.0655,Direct,1.974,1.9742,-6.54505,-0.152052,4.4439,5.21216,0.116085,0.23133,6.14245,Direct,3.4084,3.4085,-7.21409,-0.144086
8,MAPbCl3,2x2x2,5.75814,Indirect,2.526,2.5511,-7.59586,-0.171855,3.905,4.93458,0.0596998,0.114026,5.7749,Direct,3.8377,3.8378,-7.99976,-0.129758
9,CsGeCl3,2x2x2,5.33251,Direct,1.051,1.051,-6.69654,1.23946,6.8828,5.36682,0.176772,0.309925,5.39089,Direct,1.8986,1.8986,-6.70902,1.56098
10,CsGeBr3,2x2x2,5.61279,Direct,0.767,0.7676,-5.65217,-0.277172,9.6899,5.52436,0.159768,0.241544,5.67475,Direct,1.5158,1.5158,-5.88702,-0.21702
11,CsGeI3,2x2x2,5.99634,Direct,0.635,0.6354,-4.20085,0.0021507,14.2211,5.64062,0.153652,0.191961,6.10041,Direct,1.304,1.304,-4.36909,0.0509115
12,CsSnCl3,2x2x2,5.63393,Direct,1.028,1.0285,-7.30087,1.35413,5.9089,5.2991,0.172055,0.307402,5.67683,Direct,1.8043,1.8043,-7.39009,1.47991
13,CsSnBr3,2x2x2,5.886,Direct,0.634,0.6341,-6.26161,-0.267608,9.3773,5.42771,0.121923,0.191136,5.95607,Direct,1.3894,1.3894,-6.58985,-0.209854
14,CsSnI3,2x2x2,6.28623,Direct,0.483,0.4835,-4.79523,-0.15323,14.2792,5.54795,0.0953213,0.126333,6.3863,Direct,1.1556,1.1556,-5.07177,-0.0817748
15,CsPbCl3,2x2x2,5.73392,Direct,2.211,2.2116,-7.68927,1.43673,4.0435,4.97285,0.0849946,0.181255,5.76142,Direct,3.0773,3.0773,-7.99645,1.52355
16,CsPbBr3,2x2x2,5.99648,Direct,1.774,1.7743,-6.6152,-0.170204,4.923,5.2399,0.15353,0.272402,6.04102,Direct,2.5758,2.5758,-7.17041,-0.170408
17,CsPbI3,2x2x2,6.39465,Direct,1.482,1.4822,-5.10983,0.0631723,6.3797,5.46552,0.218556,0.317075,6.45198,Direct,2.1633,2.1633,-5.63144,0.0785597
18,FAGeCl3,2x2x2,5.74281,Direct,3.047,3.0475,-6.789,-1.404,3.61993,4.65221,0.0230034,0.0400635,5.81683,Direct,4.4396,4.4396,-7.08239,-1.34239
19,FAGeBr3,2x2x2,6.10244,Direct,2.109,2.1095,-5.62268,-0.978678,4.1877,5.01875,0.12241,0.202486,6.23816,Direct,3.8044,3.8044,-6.0717,-1.0417
20,FAGeI3,2x2x2,6.40153,Direct,1.467,1.4671,-4.20942,-0.547421,5.61753,5.27932,0.209672,0.319298,6.58241,Direct,2.8609,2.8609,-4.56937,-0.609365
21,FASnCl3,2x2x2,5.84811,Direct,2.465,2.4651,-7.33263,-1.22863,3.86997,4.92359,0.0708088,0.130693,5.92428,Direct,3.6741,3.6741,-7.64575,-1.30575
22,FASnBr3,2x2x2,6.05561,Direct,1.341,1.341,-6.26107,-0.998066,5.475,5.28432,0.207979,0.329853,6.2706,Direct,3.4442,3.4442,-6.74269,-1.00269
23,FASnI3,2x2x2,6.42932,Direct,1.054,1.0545,-4.84804,-0.747038,7.00703,5.42433,0.216624,0.309783,6.68222,Indirect,2.8648,2.8696,-5.24242,-0.71242
24,FAPbCl3,2x2x2,5.8187,Direct,2.611,2.6111,-7.66627,-1.09127,3.95527,4.86069,0.0531714,0.103315,5.91924,Direct,4.0745,4.0746,-8.07089,-1.08089
25,FAPbBr3,2x2x2,6.07556,Indirect,2.112,2.1219,-6.63564,-0.921643,4.72537,5.20353,0.127185,0.199072,6.20079,Direct,3.5353,3.5353,-7.24592,-0.885923
26,FAPbI3,2x2x2,6.51982,Indirect,1.942,1.9457,-5.07347,-0.441469,5.47377,5.35852,0.18639,0.236573,6.5854,Indirect,2.8146,2.9613,-5.65175,-0.401747
27,FABaI3,2x2x2,6.82147,Indirect,3.205,3.2146,-8.4068,-0.4048,3.34877,4.13317,0.00626529,0.0271158,6.80652,Indirect,4.6181,4.6316,-9.40445,-0.39445
28,FABaBr3,2x2x2,6.38427,Indirect,4.024,4.0307,-10.2778,-0.693803,2.9903,3.5711,1.34532e-05,7.80796e-05,6.37756,Direct,5.5419,5.5419,-11.3006,-0.670571
29,FABaCl3,2x2x2,6.09838,Indirect,4.56,4.5704,-11.5224,-0.747442,2.7839,3.26586,0.0,0.0,6.09268,Direct,6.2145,6.2145,-12.2829,-0.742939
30,FASrI3,2x2x2,6.56817,Indirect,3.297,3.3123,-8.22041,-0.482412,3.4898,4.09924,0.00544469,0.0216798,6.55235,Indirect,4.6831,4.7021,-9.17738,-0.507381
31,FASrBr3,2x2x2,6.11713,Indirect,4.162,4.1819,-10.1681,-0.808089,3.10327,3.51015,0.0,3.96396e-08,6.10179,Direct,5.6848,5.6848,-11.157,-0.826978
32,FASrCl3,2x2x2,5.83622,Indirect,4.708,4.723,-11.4818,-0.920752,2.87177,3.25227,0.0,0.0,5.81922,Indirect,6.3576,6.3616,-12.2158,-0.935822
33,FACaI3,2x2x2,6.39764,Direct,3.438,3.4388,-7.86437,-0.330367,3.6984,4.27707,0.00511276,0.0152906,6.37233,Direct,4.6776,4.6776,-8.77758,-0.367577
34,FACaBr3,2x2x2,5.92468,Indirect,4.225,4.2377,-9.82938,-0.78338,3.29917,3.55321,0.0,0.0,5.90328,Direct,5.6379,5.6379,-10.7941,-0.814076
35,FACaCl3,2x2x2,5.642,Indirect,4.728,4.7526,-11.1554,-0.868422,3.03443,3.30739,0.0,0.0,5.6234,Direct,6.3598,6.3598,-11.8775,-0.907473
36,MABaI3,2x2x2,6.8163,Direct,3.773,3.7733,-8.39574,0.0752618,3.22413,3.9119,0.00069529,0.00335422,6.81038,Direct,4.7868,4.7868,-9.40671,0.523294
37,MABaBr3,2x2x2,6.37451,Direct,4.239,4.2396,-10.1269,0.136144,2.8788,3.39333,0.0,0.0,6.35472,Direct,5.4282,5.4282,-11.1839,0.156118
38,MABaCl3,2x2x2,6.02662,Direct,4.909,4.9096,-11.3836,0.240438,2.70667,3.1322,0.0,0.0,5.99167,Direct,6.2991,6.2991,-12.1805,0.239456
39,MASrI3,2x2x2,6.56563,Indirect,3.763,3.764,-8.22744,-0.0204356,3.33667,3.79717,0.000591535,0.00352444,6.54705,Direct,3.4646,3.4646,-5.58371,4.00629
40,MASrBr3,2x2x2,6.10712,Direct,4.31,4.3101,-10.065,-0.0260462,2.9682,3.33819,0.0,0.0,6.0926,Direct,5.5491,5.5491,-11.0771,-0.0370927
41,MASrCl3,2x2x2,5.77438,Direct,5.106,5.1062,-11.4158,-0.00579762,2.76393,3.08954,0.0,0.0,5.76021,Direct,6.5005,6.5005,-12.1858,-0.0257814
42,MACaI3,2x2x2,6.3313,Direct,3.599,3.6065,-7.91241,0.0905948,3.62157,4.12649,0.00207198,0.00867219,6.28442,Direct,4.7801,4.7801,-8.87192,0.458075
43,MACaBr3,2x2x2,5.88771,Direct,4.374,4.3747,-9.78859,-0.0635882,3.17023,3.41659,0.0,0.0,5.86275,Direct,5.64,5.64,-10.7765,-0.0864803
44,MACaCl3,2x2x2,5.57458,Direct,5.249,5.2498,-11.196,-0.0599886,2.9099,3.14064,0.0,0.0,5.5513,Direct,6.6855,6.6855,-11.9541,-0.104087
45,CsBaI3,2x2x2,6.77049,Direct,3.511,3.5119,-8.27361,0.269394,3.2716,4.03906,0.00284079,0.012271,6.80561,Direct,4.4475,4.4475,-9.1504,0.319602
46,CsBaBr3,2x2x2,6.35373,Direct,3.996,3.9969,-10.0366,0.278439,2.8845,3.51225,2.05575e-05,0.000165605,6.35373,Direct,5.1203,5.1203,-10.945,0.325027
47,CsBaCl3,2x2x2,6.03958,Direct,4.667,4.6677,-11.3018,2.02425,2.6693,3.1663,0.0,0.0,6.03958,Direct,5.9307,5.9307,-11.9495,2.1205
48,CsSrI3,2x2x2,6.47621,Direct,3.612,3.6123,-8.24134,0.0376623,3.4317,3.89559,0.00154519,0.00850539,6.47621,Direct,4.5845,4.5845,-9.08644,0.043559
49,CsSrBr3,2x2x2,6.01787,Direct,4.165,4.1655,-10.1221,-0.0310731,3.0311,3.39521,0.0,1.79414e-07,6.01787,Direct,5.3194,5.3194,-11.007,-0.0369942
50,CsSrCl3,2x2x2,5.73392,Direct,4.94,4.9402,-11.5001,1.61188,2.7653,3.11527,0.0,0.0,5.73392,Direct,6.2377,6.2377,-12.1274,1.68261
51,CsCaI3,2x2x2,6.21829,Direct,3.713,3.7135,-8.04147,0.0335306,3.7509,4.07866,0.00139103,0.00509523,6.21829,Direct,4.7383,4.7383,-8.85473,0.0152716
52,CsCaBr3,2x2x2,5.75941,Direct,4.4,4.4002,-9.99793,-0.220928,3.2745,3.41995,0.0,0.0,5.75941,Direct,5.5737,5.5737,-10.8638,-0.243799
53,CsCaCl3,2x2x2,5.45123,Direct,5.367,5.3672,-11.4486,1.38943,2.9857,3.15074,0.0,0.0,5.45123,Direct,6.6944,6.6944,-12.0771,1.42287
54,RbBaI3,2x2x2,6.75783,Direct,3.231,3.2315,-7.93414,2.75186,3.2156,4.14788,0.00639022,0.0263532,6.77709,Direct,4.1846,4.1846,-8.80437,2.78563
55,RbBaBr3,2x2x2,6.31908,Direct,3.723,3.7235,-9.70548,0.542515,2.8221,3.67058,0.00065932,0.00476081,6.31908,Direct,4.8505,4.8505,-10.6054,0.594609
56,RbBaCl3,2x2x2,6.02296,Direct,4.335,4.3355,-10.9781,0.630916,2.5748,3.20843,0.0,0.0,6.02296,Direct,5.6027,5.6027,-11.6137,0.676277
57,RbSrI3,2x2x2,6.4361,Direct,3.332,3.3325,-7.92327,2.49873,3.3844,4.02172,0.00404648,0.0206818,6.4361,Direct,4.3016,4.3016,-8.76142,2.48858
58,RbSrBr3,2x2x2,5.99648,Direct,3.878,3.8789,-9.82528,0.198723,2.9378,3.51313,0.000132866,0.00120218,5.99648,Direct,5.0275,5.0275,-10.6943,0.205745
59,RbSrCl3,2x2x2,5.70932,Direct,4.605,4.6052,-11.2207,0.174254,2.6531,3.13179,0.0,0.0,5.70932,Direct,5.8987,5.8987,-11.831,0.19899
60,RbCaI3,2x2x2,6.18885,Direct,3.44,3.4409,-7.75352,2.46448,3.6789,4.14963,0.003405,0.0150783,6.18885,Direct,4.4137,4.4137,-8.55082,2.43918
61,RbCaBr3,2x2x2,5.72057,Direct,4.082,4.0821,-9.74595,-0.0359477,3.1734,3.46018,1.46155e-06,1.31531e-05,5.72057,Direct,5.2453,5.2453,-10.5945,-0.0444957
62,RbCaCl3,2x2x2,5.42896,Direct,4.948,4.9486,-11.2327,-0.111664,2.8424,3.15001,0.0,0.0,5.42896,Direct,6.2632,6.2632,-11.8385,-0.118502
63,RbGeI3,2x2x2,5.96778,Direct,0.58,0.5807,-3.95125,2.39475,15.5952,5.65276,0.136699,0.169484,6.07688,Direct,1.2609,1.2609,-4.09692,2.44308
64,RbGeBr3,2x2x2,5.5721,Direct,0.676,0.6763,-5.43831,-0.130313,10.8457,5.53282,0.141974,0.213812,5.6581,Direct,1.4825,1.4825,-5.63972,-0.0397224
65,RbGeCl3,2x2x2,5.29803,Direct,0.972,0.9724,-6.51848,-0.299476,7.1438,5.38646,0.173977,0.30308,5.35153,Direct,1.8034,1.8034,-6.51147,-0.0214687
66,RbSnI3,2x2x2,6.24783,Direct,0.407,0.4072,-4.49871,2.28629,17.8922,5.56005,0.0680347,0.086842,6.3709,Direct,1.1268,1.1268,-4.75694,2.35306
67,RbSnBr3,2x2x2,5.8544,Direct,0.567,0.5672,-5.98291,-0.0559068,10.626,5.43768,0.106345,0.16454,5.95337,Direct,1.3956,1.3956,-6.2806,0.0293987
68,RbSnCl3,2x2x2,5.58498,Direct,0.919,0.9198,-7.03942,-0.10142,6.3593,5.33135,0.162195,0.292588,5.64864,Direct,1.7494,1.7494,-7.11285,-0.0228528
69,RbPbI3,2x2x2,6.37513,Direct,1.459,1.4595,-4.80029,2.51571,6.3917,5.47173,0.221188,0.320261,6.43722,Direct,2.1466,2.1466,-5.3103,2.5197
70,RbPbBr3,2x2x2,5.97465,Direct,1.752,1.7525,-6.32092,0.0570777,4.8678,5.24546,0.157703,0.276684,6.02311,Direct,2.5591,2.5591,-6.8604,0.0695978
71,RbPbCl3,2x2x2,5.70283,Direct,2.182,2.1821,-7.40904,-4.43562e-05,3.9701,4.98667,0.0927297,0.187815,5.73967,Direct,3.0623,3.0623,-7.69943,0.0405657
72,KBaI3,2x2x2,6.75017,Direct,3.084,3.0844,-7.66947,3.20153,3.1962,4.22714,0.0091971,0.0366948,6.76987,Direct,4.0354,4.0354,-8.55483,3.26517
73,KBaBr3,2x2x2,6.31044,Direct,3.574,3.5747,-9.44499,0.788007,2.793,3.79029,0.00173448,0.00974757,6.31044,Direct,4.6964,4.6964,-10.359,0.850972
74,KBaCl3,2x2x2,6.01376,Direct,4.166,4.1664,-10.7205,3.37349,2.5359,3.29058,0.0,1.79468e-07,6.01376,Direct,5.4279,5.4279,-11.3697,3.43034
75,KSrI3,2x2x2,6.42718,Direct,3.17,3.1709,-7.67324,2.93376,3.3638,4.0945,0.00625234,0.0296401,6.42718,Direct,4.1325,4.1325,-8.52355,2.95645
76,KSrBr3,2x2x2,5.99648,Direct,3.71,3.7108,-9.58517,0.423827,2.895,3.63679,0.000601652,0.00526061,5.99648,Direct,4.8503,4.8503,-10.4631,0.446892
77,KSrCl3,2x2x2,5.69876,Direct,4.418,4.4181,-10.9885,2.89154,2.6055,3.16271,0.0,0.0,5.68319,Direct,5.7192,5.7192,-11.6113,2.92866
78,KCaI3,2x2x2,6.16875,Direct,3.258,3.258,-7.52206,2.88094,3.6642,4.19058,0.00537472,0.0251648,6.16875,Direct,4.2203,4.2203,-8.32931,2.89069
79,KCaBr3,2x2x2,5.69541,Direct,3.908,3.9081,-9.53344,0.161563,3.1426,3.52122,8.694e-05,0.00081655,5.69541,Direct,5.059,5.059,-10.3901,0.16992
80,KCaCl3,2x2x2,5.40489,Direct,4.745,4.7451,-11.038,2.56798,2.7937,3.16465,0.0,0.0,5.40489,Direct,6.0467,6.0467,-11.6497,2.58033
81,KGeI3,2x2x2,5.94517,Direct,0.537,0.5374,-3.74616,2.78484,16.5417,5.66183,0.122657,0.152717,6.06168,Direct,1.2328,1.2329,-3.89629,2.87371
82,KGeBr3,2x2x2,5.54749,Direct,0.618,0.6184,-5.24965,0.0433521,11.7585,5.54282,0.12911,0.184287,5.63987,Direct,1.4565,1.4565,-5.47891,0.131094
83,KGeCl3,2x2x2,5.27121,Direct,0.903,0.9039,-6.34648,2.35752,7.4327,5.40979,0.168758,0.285019,5.3287,Direct,1.7444,1.7445,-6.34708,2.65292
84,KSnI3,2x2x2,6.22981,Direct,0.37,0.3707,-4.26158,2.70842,19.7828,5.56894,0.0559334,0.068931,6.36057,Direct,1.1074,1.1074,-4.52934,2.81066
85,KSnBr3,2x2x2,5.83695,Direct,0.528,0.5281,-5.75359,0.158414,11.4498,5.44668,0.0978152,0.148793,5.94195,Direct,1.3728,1.3728,-6.05979,0.26021
86,KSnCl3,2x2x2,5.56626,Direct,0.878,0.8786,-6.81705,2.60595,6.4651,5.34319,0.149217,0.273268,5.63424,Direct,1.7196,1.7196,-6.89969,2.70031
87,KPbI3,2x2x2,6.36597,Direct,1.448,1.4489,-4.55466,2.94634,6.377,5.47752,0.217825,0.321096,6.42793,Direct,2.1357,2.1357,-5.07644,2.98356
88,KPbBr3,2x2x2,5.96483,Direct,1.742,1.7427,-6.0818,0.2812,4.8474,5.24887,0.155868,0.278718,6.01285,Direct,2.5477,2.5477,-6.63209,0.307915
89,KPbCl3,2x2x2,5.69246,Direct,2.175,2.1752,-7.17524,2.71876,3.9325,5.00076,0.0946034,0.189364,5.72864,Direct,3.0528,3.0528,-7.4757,2.7743
90,K0.125FA0.875SnBr3,2x2x2,6.17952,Direct,1.596,1.5969,-6.17463,-0.830502,4.6467,5.18181,0.186552,0.300664,,,,,,
91,K0.125FA0.875SnCl3,2x2x2,6.10372,Indirect,3.138,3.2086,-7.1448,-0.625928,3.16133,4.52573,0.0134506,0.0267074,,,,,,
92,K0.375Rb0.25FA0.375GeI3,2x2x2,6.23201,Direct,1.425,1.4254,-4.02931,1.37956,5.65297,5.31812,0.186369,0.324657,,,,,,
93,Rb0.375Cs0.125FA0.5BaI3,2x2x2,6.81307,Direct,3.388,3.3893,-8.33603,0.740091,3.2365,4.04621,0.00405187,0.0174789,,,,,,
94,K0.25Cs0.125FA0.625BaI3,2x2x2,6.80997,Indirect,3.343,3.3536,-8.33045,0.456425,3.25703,4.06709,0.00446762,0.0195466,,,,,,
95,K0.375Rb0.125FA0.5SrI3,2x2x2,6.52886,Indirect,3.452,3.4557,-8.09392,1.05545,3.3599,3.98592,0.00331769,0.0144509,,,,,,
96,Rb0.375Cs0.125FA0.5SrI3,2x2x2,6.53586,Indirect,3.393,3.4017,-8.16295,0.649177,3.39073,3.99616,0.00365163,0.0167143,,,,,,
97,K0.25Cs0.125FA0.625SrI3,2x2x2,6.54625,Indirect,3.372,3.3884,-8.14626,0.37662,3.3999,4.01823,0.0040042,0.0173866,,,,,,
98,K0.5Rb0.125FA0.375SrBr3,2x2x2,6.06886,Direct,4.124,4.1246,-9.90161,-0.13411,2.9299,3.46727,2.70724e-07,1.88085e-06,5.93784,Direct,5.5074,5.5074,-10.9082,-0.216985
99,K0.375Rb0.125Cs0.125FA0.375CaI3,2x2x2,6.2602,Direct,3.438,3.4387,-7.82382,1.18918,3.6712,4.17873,0.00384128,0.0152906,6.15651,Direct,4.9464,4.9464,-8.77679,1.06696
100,K0.625FA0.375CaI3,2x2x2,6.27602,Indirect,3.422,3.435,-7.70876,1.61837,3.63023,4.21027,0.0041051,0.015227,,,,,,
101,Rb0.375FA0.625CaI3,2x2x2,6.31385,Indirect,3.372,3.3929,-7.83862,0.701877,3.69683,4.26314,0.00486862,0.0170983,6.23283,Direct,4.8401,4.8401,-8.83261,0.544889
102,MA0.875FA0.125CaBr3,2x2x2,5.88188,Direct,4.302,4.3023,-9.78687,-0.146747,3.1957,3.4434,0.0,0.0,5.84228,Direct,5.6366,5.6366,-10.7967,-0.195484
103,MA0.625FA0.375CaBr3,2x2x2,6.00267,Indirect,4.072,4.0729,-9.70154,-0.231165,3.08627,3.49822,2.5253e-06,1.69879e-05,5.98191,Direct,5.5035,5.5035,-10.6903,-0.266515
104,MA0.5FA0.5CaCl3,2x2x2,5.74052,Indirect,4.306,4.3088,-11.0282,-0.316738,2.82777,3.23542,0.0,0.0,,,,,,
105,MA0.875FA0.125PbCl3,2x2x2,5.80425,Direct,2.5,2.5008,-7.53774,-0.219863,3.87183,4.85461,0.0574581,0.124011,,,,,,
106,K0.125Rb0.25Cs0.625PbCl3,2x2x2,5.71864,Direct,2.2,2.2004,-7.4966,1.29615,3.98673,4.92748,0.082531,0.183827,,,,,,
107,K0.75Rb0.125Cs0.125PbCl3,2x2x2,5.69688,Direct,2.182,2.182,-7.2111,2.27627,3.92163,4.9376,0.0860011,0.187815,,,,,,
108,Rb0.875Cs0.125PbCl3,2x2x2,5.70798,Direct,2.193,2.1936,-7.38721,0.236416,3.9457,4.93337,0.0840204,0.185339,,,,,,
109,K0.25Rb0.375Cs0.375SnI3,2x2x2,6.25558,Direct,0.423,0.423,-4.55328,1.47435,5.4193,5.3691,0.0781345,0.0947768,,,,,,
110,K0.125Rb0.375Cs0.5SnI3,2x2x2,6.26075,Direct,0.433,0.433,-4.62005,1.11658,11.9085,5.51227,0.0749703,0.100066,,,,,,
111,K0.125Rb0.25Cs0.625SnI3,2x2x2,6.25925,Direct,0.667,0.667,-4.7133,0.755451,8.36893,5.48072,0.143302,0.208984,,,,,,
112,Rb0.75Cs0.25SnI3,2x2x2,6.26293,Direct,0.445,0.445,-4.57576,1.67349,11.6056,5.51217,0.0790025,0.106127,,,,,,
113,K0.375Rb0.25Cs0.375SnBr3,2x2x2,5.86151,Direct,0.583,0.583,-6.00098,-0.0544776,8.13293,5.39482,0.104727,0.170567,5.96537,Direct,1.4415,1.4415,-6.30432,0.0356838
114,K0.125Rb0.875SnBr3,2x2x2,5.85555,Direct,0.571,0.571,-5.95471,-0.0295841,8.2656,5.39656,0.102288,0.166051,,,,,,
115,K0.25Rb0.375Cs0.375SnCl3,2x2x2,5.59457,Direct,0.94,0.94,-7.08319,1.11993,5.6059,5.27841,0.156128,0.298968,,,,,,
116,K0.25Rb0.125Cs0.625GeI3,2x2x2,5.98244,Direct,0.609,0.609,-4.0551,0.997771,11.9539,5.60757,0.139659,0.180455,,,,,,
117,Rb0.125Cs0.875GeI3,2x2x2,5.99075,Direct,0.625,0.625,-4.16923,0.301641,11.768,5.60524,0.14525,0.187586,,,,,,
118,K0.375Rb0.375Cs0.25GeBr3,2x2x2,5.56567,Direct,0.661,0.661,-5.42128,-0.102152,8.96153,5.48682,0.13196,0.205222,,,,,,
119,K0.25Rb0.375Cs0.375PbI3,2x2x2,6.3755,Direct,1.462,1.462,-4.83233,1.72629,6.0897,5.4391,0.20588,0.320029,,,,,,
121,K0.625Rb0.25Cs0.125GeCl3,2x2x2,5.27767,Direct,0.919,0.9198,-6.43317,1.55358,6.49047,5.33971,0.158905,0.292588,,,,,,
122,K0.625Rb0.125Cs0.25GeCl3,2x2x2,5.28333,Direct,0.938,0.9389,-6.45513,1.74625,6.4317,5.33628,0.162139,0.298146,,,,,,
123,K0.625Cs0.375GeCl3,2x2x2,5.28919,Direct,0.958,0.9582,-6.47764,1.93836,6.38553,5.33362,0.16338,0.30167,,,,,,
124,K0.75Rb0.25GeCl3,2x2x2,5.26792,Direct,0.892,0.8923,-6.39223,1.69052,6.57713,5.34403,0.153917,0.280004,,,,,,
125,K0.625Rb0.375BaI3,2x2x2,6.78956,Direct,3.121,3.1218,-7.7684,3.03322,3.1673,4.20503,0.00823522,0.0326161,,,,,,
126,K0.125Cs0.875BaI3,2x2x2,6.80397,Direct,3.409,3.4098,-8.20283,0.631165,3.2258,4.07592,0.00389223,0.0165342,6.80397,Direct,4.3647,4.3647,-9.07911,0.684639
127,K0.375Rb0.375Cs0.25PbBr3,2x2x2,5.977,Direct,1.76,1.76,-6.26209,0.127037,4.7387,5.20408,0.144198,0.275348,,,,,,
128,Rb0.75Cs0.25BaBr3,2x2x2,6.35108,Direct,3.765,3.765,-9.78798,0.476771,2.8172,3.64671,0.000460785,0.00352556,6.34505,Direct,4.8959,4.8959,-10.6886,0.5289
129,K0.25Rb0.375Cs0.375BaCl3,2x2x2,6.04746,Direct,4.363,4.363,-11.0366,1.83755,2.5839,3.20701,0.0,0.0,6.04746,Direct,5.6281,5.6281,-11.6764,1.90856
130,K0.125Rb0.375Cs0.5BaCl3,2x2x2,6.05044,Direct,4.426,4.426,-11.1092,1.6689,2.6005,3.1941,0.0,0.0,,,,,,
131,K0.625Rb0.125Cs0.25BaCl3,2x2x2,6.04199,Direct,4.26,4.26,-10.8995,2.69188,2.55787,3.23896,0.0,0.0,,,,,,
132,K0.75Cs0.25BaCl3,2x2x2,6.04074,Direct,4.242,4.242,-10.8673,3.03471,2.5532,3.24907,0.0,0.0,,,,,,
133,K0.5Rb0.25Cs0.25SrI3,2x2x2,6.4804,Direct,3.272,3.272,-7.87695,2.1018,2.19047,3.84742,0.00299536,0.0241218,,,,,,
134,K0.375Cs0.625SrI3,2x2x2,6.48869,Direct,3.389,3.389,-8.0312,1.1208,3.37327,4.00518,0.00351809,0.0174851,6.47177,Direct,4.3675,4.3675,-8.87345,1.1378
135,K0.5Rb0.25Cs0.25SrBr3,2x2x2,6.01242,Direct,3.835,3.835,-9.77949,0.253762,2.92853,3.55648,0.000193008,0.00184949,,,,,,
136,K0.375Rb0.625SrBr3,2x2x2,6.00815,Direct,3.801,3.8015,-9.73532,0.28306,2.9096,3.57929,0.000272873,0.0025767,,,,,,
137,K0.75Rb0.125Cs0.125SrBr3,2x2x2,6.00574,Direct,3.771,3.7713,-9.68192,0.339203,2.9093,3.60359,0.000361654,0.00335422,,,,,,
138,K0.75Rb0.25SrBr3,2x2x2,6.0027,Direct,3.744,3.7442,-9.64523,0.367518,2.8977,3.61983,0.000450949,0.00424225,5.98678,Direct,4.8975,4.8975,-10.5229,0.384553
139,K0.25Rb0.75SrBr3,2x2x2,6.00999,Direct,3.821,3.8218,-9.76536,0.254893,2.91357,3.56239,0.000214644,0.00206152,,,,,,
140,K0.75Cs0.25SrCl3,2x2x2,5.70092,Direct,4.531,4.5319,-11.117,2.57103,2.6478,3.14754,0.0,0.0,5.70092,Direct,5.8194,5.8194,-11.7393,2.61823
141,K0.375Rb0.375Cs0.25CaI3,2x2x2,6.20946,Direct,3.421,3.4212,-7.73804,2.01358,3.66543,4.14878,0.00353122,0.0158757,,,,,,
142,K0.375Cs0.625CaI3,2x2x2,6.22053,Direct,3.518,3.5189,-7.84863,1.09937,3.69257,4.1306,0.00273146,0.0118872,6.22053,Direct,4.4918,4.4918,-8.65609,1.09516
143,Rb0.125Cs0.875CaBr3,2x2x2,5.787,Direct,4.307,4.307,-9.96572,-0.197096,3.2295,3.42778,0.0,0.0,5.75683,Direct,5.5223,5.5223,-10.8308,-0.219544
144,K0.25Rb0.375Cs0.375CaCl3,2x2x2,5.44954,Direct,4.995,4.995,-11.2647,1.12143,2.86767,3.15566,0.0,0.0,,,,,,
145,K0.25Rb0.25Cs0.5CaCl3,2x2x2,5.45518,Direct,5.033,5.033,-11.2916,1.30914,2.8831,3.15632,0.0,0.0,,,,,,
146,K0.125Rb0.5Cs0.375CaCl3,2x2x2,5.45291,Direct,5.021,5.021,-11.2883,0.787239,2.87323,3.15437,0.0,0.0,5.42976,Direct,6.3791,6.3791,-11.9055,0.795752
147,K0.375Rb0.125Cs0.5CaCl3,2x2x2,5.45472,Direct,5.002,5.002,-11.2671,1.64431,2.87537,3.15851,0.0,0.0,5.42738,Direct,6.3673,6.3673,-11.8881,1.66313
148,Rb0.625Cs0.375CaCl3,2x2x2,5.45578,Direct,5.057,5.0577,-11.314,0.450911,2.87903,3.15261,0.0,0.0,5.44058,Direct,6.4012,6.4012,-11.9281,0.459384
149,K0.25Rb0.25Cs0.125MA0.375PbI3,2x2x2,6.37098,Direct,1.734,1.7347,-4.97998,1.28377,5.57907,5.39127,0.17363,0.280212,6.48836,Indirect,2.9354,3.0962,-5.5154,1.4846
150,K0.625MA0.375PbCl3,2x2x2,5.71825,Direct,2.643,2.6433,-7.42244,1.54531,3.7597,4.81241,0.0459381,0.0982387,,,,,,
151,K0.125Rb0.125MA0.75PbCl3,2x2x2,5.78844,Direct,2.616,2.6165,-7.5091,0.22177,3.77443,4.8238,0.0485742,0.102247,,,,,,
152,K0.5MA0.5SnI3,2x2x2,6.385,Direct,1.017,1.0178,-4.526,1.244,6.7247,5.4376,0.205059,0.306481,,,,,,
153,K0.5MA0.5SnBr3,2x2x2,6.07058,Direct,1.542,1.5422,-6.01565,-0.0886493,4.68347,5.21791,0.189105,0.310418,,,,,,
154,Rb0.375Cs0.25MA0.375SnCl3,2x2x2,5.74107,Direct,1.767,1.7677,-7.18052,0.192354,4.1661,5.10957,0.14384,0.273672,,,,,,
155,K0.25Rb0.125MA0.625SnCl3,2x2x2,5.77792,Direct,1.795,1.795,-7.12639,0.442239,4.07747,5.10489,0.141523,0.268475,5.91525,Direct,3.6168,3.6168,-7.28679,0.511964
156,Rb0.375Cs0.125MA0.5PbI3,2x2x2,6.46812,Direct,1.935,1.9355,-4.97491,0.965711,5.3512,5.36183,0.179474,0.23922,6.59994,Indirect,2.8476,2.9497,-5.51884,1.21616
157,K0.25Rb0.25Cs0.125MA0.375GeBr3,2x2x2,5.85398,Direct,1.622,1.6225,-5.49186,-0.173613,4.8915,5.19895,0.198859,0.297004,5.9687,Indirect,2.8945,3.0057,-5.69627,-0.0325227
158,Rb0.375Cs0.25MA0.375GeBr3,2x2x2,5.82979,Direct,1.526,1.5266,-5.55946,-0.229082,5.0747,5.21726,0.200771,0.312221,5.96203,Indirect,2.9972,3.0755,-5.76722,-0.0972209
159,Rb0.5Cs0.125MA0.375GeBr3,2x2x2,5.84394,Direct,1.59,1.5905,-5.52844,-0.206439,4.98017,5.20803,0.201678,0.301811,5.97147,Indirect,2.905,3.0178,-5.72266,-0.0614095
160,K0.25Rb0.25Cs0.125MA0.375GeCl3,2x2x2,5.59632,Direct,2.013,2.0133,-6.57119,0.489312,4.0049,5.02775,0.129306,0.222606,,,,,,
161,K0.375Rb0.125Cs0.125MA0.375GeCl3,2x2x2,5.57926,Direct,2.001,2.0019,-6.56352,0.807607,4.02383,5.02912,0.128679,0.225213,,,,,,
162,K0.125Rb0.125MA0.75PbI3,2x2x2,6.46607,Direct,1.897,1.8971,-4.99203,0.685844,5.33937,5.35868,0.176492,0.247485,6.57257,Indirect,2.8769,2.957,-5.57661,1.03714
163,K0.25Rb0.25Cs0.125MA0.375PbBr3,2x2x2,5.97213,Direct,2.113,2.1134,-6.45766,-0.0694115,4.48483,5.12682,0.102606,0.201819,6.06044,Indirect,3.567,3.7836,-7.03201,-0.0382612
164,K0.375MA0.625BaBr3,2x2x2,6.3202,Direct,4.1,4.1003,-10.0294,0.222367,2.84753,3.40428,5.0468e-07,4.91364e-06,,,,,,
165,Rb0.375MA0.625BaCl3,2x2x2,6.04089,Direct,4.839,4.8393,-11.368,0.250356,2.625,3.12385,0.0,0.0,,,,,,
166,Rb0.375Cs0.25MA0.375PbBr3,2x2x2,6.02329,Direct,2.025,2.0256,-6.47938,-0.0790039,4.5607,5.17215,0.122398,0.219662,6.11624,Indirect,3.5527,3.6879,-7.04979,-0.0497922
167,K0.25Rb0.125Cs0.125MA0.5SrI3,2x2x2,6.51353,Direct,3.613,3.6137,-8.10569,0.987183,3.33033,3.85972,0.00137703,0.00850259,6.50098,Direct,4.6195,4.6195,-9.00943,1.20307
168,K0.375Rb0.125MA0.5SrI3,2x2x2,6.51645,Direct,3.605,3.6051,-8.05653,1.32735,3.30623,3.86179,0.00141273,0.00869511,6.50366,Direct,4.6082,4.6082,-8.96435,1.5419
169,K0.25Rb0.25Cs0.125MA0.375SrBr3,2x2x2,6.05705,Direct,4.11,4.1105,-9.95081,0.0834439,2.917,3.38022,3.59011e-07,3.7372e-06,5.9539,Direct,5.5516,5.5516,-10.9687,-0.00492954
170,K0.375Rb0.25MA0.375SrBr3,2x2x2,6.05491,Direct,4.072,4.0727,-9.90017,0.123832,2.8955,3.38989,1.59966e-06,1.69879e-05,,,,,,
171,K0.5Cs0.125MA0.375SrBr3,2x2x2,6.05692,Direct,4.115,4.1158,-9.92192,0.108577,1.97677,3.15607,1.52105e-07,2.65511e-06,6.03995,Direct,5.2962,5.2962,-10.8535,0.112763
172,Rb0.125Cs0.125MA0.75SrBr3,2x2x2,6.07291,Direct,4.236,4.236,-10.0555,-0.011876,2.9741,3.35167,0.0,0.0,,,,,,
173,K0.375Cs0.25MA0.375SrCl3,2x2x2,5.75139,Direct,4.876,4.8767,-11.3358,1.42599,2.67613,3.09703,0.0,0.0,,,,,,
174,K0.625MA0.375SrCl3,2x2x2,5.74516,Direct,4.793,4.7936,-11.2465,1.70729,2.62733,3.09413,0.0,0.0,,,,,,
175,K0.375Cs0.125MA0.5SrCl3,2x2x2,5.75598,Direct,4.888,4.8886,-11.3227,1.2263,2.67677,3.09515,0.0,0.0,,,,,,
176,K0.25Rb0.25Cs0.125MA0.375CaI3,2x2x2,6.24854,Direct,3.639,3.6391,-7.82195,1.3438,3.63717,4.09958,0.00176373,0.00754262,,,,,,
177,K0.25Rb0.125Cs0.125MA0.5CaI3,2x2x2,6.25646,Direct,3.648,3.6484,-7.83898,1.0499,3.64547,4.10303,0.00169289,0.0071463,,,,,,
178,K0.375Rb0.125MA0.5CaI3,2x2x2,6.25585,Direct,3.634,3.6349,-7.78542,1.39446,3.62287,4.10479,0.00179387,0.00772522,6.16347,Indirect,4.8127,4.8182,-8.73006,1.51619
179,K0.375Cs0.125MA0.5CaI3,2x2x2,6.26041,Direct,3.649,3.649,-7.8179,1.0941,3.6325,4.10336,0.00169283,0.0071463,6.16905,Indirect,4.8327,4.8344,-8.76032,1.22093
180,Rb0.25Cs0.125MA0.625CaBr3,2x2x2,5.82097,Direct,4.284,4.2844,-9.81463,-0.0868813,3.19047,3.41715,0.0,0.0,,,,,,
181,K0.375Rb0.125Cs0.125MA0.375CaCl3,2x2x2,5.47946,Direct,5.083,5.0838,-11.1835,1.08963,2.8607,3.1463,0.0,0.0,,,,,,
182,K0.25Rb0.25MA0.5CaCl3,2x2x2,5.49688,Direct,5.08,5.0801,-11.173,0.57673,2.858,3.14409,0.0,0.0,5.44022,Direct,6.6019,6.6019,-11.8972,0.515293
183,Rb0.375Cs0.125MA0.5CaCl3,2x2x2,5.51192,Direct,5.094,5.0945,-11.2347,0.108396,2.88467,3.14549,0.0,0.0,5.46882,Direct,6.6053,6.6053,-11.942,0.0654797
184,Rb0.5MA0.5CaCl3,2x2x2,5.50303,Direct,5.069,5.0697,-11.2099,-0.0814395,2.87193,3.14387,0.0,0.0,5.465,Direct,6.5552,6.5552,-11.9195,-0.134549
185,CsBa0.125Pb0.875I3,2x2x2,6.44706,Direct,1.748,1.7481,-5.46254,0.131707,5.4578,5.33844,0.195903,0.277902,6.48545,Direct,2.4016,2.4017,-6.10379,0.0762146
186,CsBa0.25Pb0.75I3,2x2x2,6.49833,Direct,1.967,1.9674,-5.84927,0.166234,4.91513,5.22486,0.167219,0.232612,6.48443,Direct,2.5845,2.5845,-6.53619,0.113815
187,CsBa0.375Pb0.625I3,2x2x2,6.54757,Direct,2.282,2.2825,-6.24502,0.191734,4.44567,5.07881,0.116365,0.167055,6.51062,Direct,2.9321,2.9321,-6.97051,0.149492
188,CsBa0.5Pb0.5I3,2x2x2,6.59804,Indirect,2.294,2.3042,-6.63641,0.221591,4.1523,4.98019,0.0944349,0.161991,6.54374,Direct,3.0768,3.0768,-7.22715,0.362851
189,CsBa0.625Pb0.375I3,2x2x2,6.645,Direct,3.136,3.1368,-7.04321,0.236039,3.81043,4.77707,0.0190308,0.0317301,6.60104,Direct,3.9657,3.9657,-7.82589,0.234113
190,CsBa0.75Pb0.25I3,2x2x2,6.69363,Direct,3.368,3.368,-7.4447,0.255805,3.6242,4.66409,0.0152402,0.0188356,6.66784,Direct,4.1981,4.1981,-8.26297,0.267034
191,CsBa0.875Pb0.125I3,2x2x2,6.74087,Indirect,3.359,3.3844,-7.85704,0.264714,3.4339,4.46467,0.0116372,0.0176083,6.74087,Direct,4.2147,4.2147,-8.7025,0.297497
192,MABa0.125Pb0.875I3,2x2x2,6.49905,Direct,1.892,1.8929,-5.45437,0.0678814,5.138,5.30656,0.173674,0.247945,6.54363,Direct,2.9111,2.9111,-6.18003,0.459971
193,MABa0.25Pb0.75I3,2x2x2,6.54293,Direct,1.998,1.9982,-5.85943,0.0840666,4.74003,5.21665,0.15542,0.226063,6.57611,Direct,3.0329,3.0329,-6.63619,0.473812
194,MABa0.375Pb0.625I3,2x2x2,6.58344,Direct,2.276,2.276,-6.26951,0.0952422,4.31827,5.06677,0.105434,0.167948,6.54973,Indirect,3.1834,3.1922,-7.09424,0.485759
195,MABa0.5Pb0.5I3,2x2x2,6.60482,Indirect,2.348,2.3673,-6.67669,0.109306,4.13483,4.99248,0.0902197,0.148086,6.56368,Indirect,3.1671,3.1827,-7.5391,0.510903
196,MABa0.625Pb0.375I3,2x2x2,6.65269,Direct,3.067,3.0673,-7.09793,0.109319,3.81147,4.80248,0.025118,0.03842,6.60417,Direct,3.9058,3.9058,-8.00523,0.514766
197,MABa0.75Pb0.25I3,2x2x2,6.7152,Indirect,2.724,2.77,-7.52879,0.0997133,3.59723,4.67803,0.0359908,0.073738,6.69424,Indirect,3.6625,3.679,-8.47505,0.514951
198,MABa0.875Pb0.125I3,2x2x2,6.78858,Indirect,3.095,3.1354,-7.9636,0.0861472,3.37473,4.45512,0.0155896,0.0312561,6.75139,Direct,4.0328,4.0328,-8.94125,0.51875
199,FABa0.125Pb0.875I3,2x2x2,6.60579,Indirect,2.104,2.105,-5.47095,-0.417703,4.82793,5.23555,0.149361,0.203245,6.62785,Indirect,2.9785,2.9933,-6.17938,-0.459379
200,FABa0.25Pb0.75I3,2x2x2,6.61803,Direct,2.35,2.3501,-5.93805,-0.463552,4.58523,5.16934,0.120259,0.15305,6.62316,Direct,3.2112,3.2112,-6.71218,-0.522179
201,FABa0.375Pb0.625I3,2x2x2,6.64953,Direct,2.29,2.2938,-6.35308,-0.457326,4.36893,5.10381,0.11728,0.164201,6.65079,Indirect,3.1655,3.1703,-7.16342,-0.503416
202,FABa0.5Pb0.5I3,2x2x2,6.67373,Indirect,2.386,2.3935,-6.78401,-0.467008,4.085,4.96541,0.0734955,0.143805,6.63094,Indirect,3.2812,3.2838,-7.63842,-0.508418
203,FABa0.625Pb0.375I3,2x2x2,6.71772,Indirect,2.496,2.4977,-7.24111,-0.502856,3.85673,4.86382,0.0649188,0.124921,6.69297,Indirect,3.4262,3.4285,-8.12259,-0.522592
204,FABa0.75Pb0.25I3,2x2x2,6.73442,Indirect,3.201,3.2907,-7.6638,-0.504304,3.67127,4.68813,0.0169849,0.0221825,6.6931,Direct,4.0936,4.0936,-8.58083,-0.510832
205,FABa0.875Pb0.125I3,2x2x2,6.7765,Indirect,3.192,3.2609,-8.09126,-0.510511,3.4867,4.48831,0.0144298,0.0242598,6.74827,Indirect,4.1081,4.1178,-9.03142,-0.491416
206,CsCa0.25Sr0.25Sn0.25Pb0.25I3,2x2x2,6.3595,Direct,2.731,2.7319,-6.47777,0.0644803,4.35577,4.95488,0.0538766,0.0815102,6.28317,Direct,3.1683,3.1683,-7.1178,0.0572019
207,CsCa0.125Ba0.75Sn0.125I3,2x2x2,6.66787,Direct,2.903,2.9033,-7.74432,0.252551,3.53807,4.57782,0.029932,0.0580194,6.66787,Direct,3.5284,3.5284,-8.54891,0.286087
208,CsSr0.25Ba0.125Ge0.125Sn0.375Pb0.125I3,2x2x2,6.39334,Direct,1.672,1.6723,-5.96062,0.0897549,5.09997,5.17191,0.193317,0.290339,6.345,Indirect,2.05,2.2323,-6.51056,0.0931947
209,CsCa0.5Ge0.25Sn0.125Pb0.125Br3,2x2x2,5.79236,Direct,3.116,3.116,-7.93751,-0.150388,3.92383,4.67815,0.0171343,0.0328418,5.72214,Direct,3.7054,3.7054,-8.56091,-0.16091
210,CsSr0.25Ba0.625Sn0.125Br3,2x2x2,6.21821,Indirect,3.349,3.4411,-9.54275,0.176123,3.09403,4.19964,0.00816239,0.0146031,6.20364,Indirect,4.0968,4.126,-10.3756,0.208107
211,CsCa0.125Sr0.125Ba0.25Ge0.375Pb0.125Br3,2x2x2,5.93478,Direct,3.054,3.0549,-7.86255,0.020954,3.7877,4.63821,0.0186453,0.0392472,5.8433,Direct,3.5718,3.5718,-8.46372,0.0537763
212,CsCa0.125Ba0.125Ge0.25Sn0.5Br3,2x2x2,5.87984,Direct,1.502,1.5025,-6.95652,-0.104272,5.35,5.22162,0.218546,0.314402,5.87331,Direct,2.1322,2.1322,-7.42945,-0.0857013
213,CsCa0.25Ba0.125Ge0.25Pb0.375Cl3,2x2x2,5.62227,Direct,2.387,2.3872,-8.74997,1.53153,3.65447,4.71636,0.0800286,0.146015,5.58334,Direct,3.2362,3.2362,-9.11066,1.66059
214,CsCa0.125Sr0.125Ge0.375Sn0.25Pb0.125Cl3,2x2x2,5.53672,Direct,1.951,1.9512,-8.11619,1.40806,4.3303,5.05834,0.150021,0.235874,5.52644,Direct,2.7063,2.7063,-8.3588,1.5637
215,CsCa0.375Sr0.375Ba0.25Cl3,2x2x2,5.71465,Direct,4.951,4.9519,-11.4155,1.64727,2.80753,3.14245,0.0,0.0,5.71465,Direct,6.2465,6.2465,-12.0315,1.72725
216,FASr0.25Ba0.25Ge0.125Sn0.25Pb0.125I3,2x2x2,6.55892,Indirect,2.647,2.6526,-6.38727,-0.390273,4.27703,5.01353,0.0619156,0.0959075,6.47108,Direct,3.0865,3.0865,-7.10954,-0.405791
217,FABa0.125Ge0.25Sn0.125Pb0.5I3,2x2x2,6.53487,Direct,1.633,1.6332,-5.1807,-0.436329,5.13727,5.254,0.189833,0.298129,6.6309,Indirect,2.8292,2.8421,-5.74357,-0.436069
218,KSr0.375Ge0.25Sn0.25Pb0.125I3,2x2x2,6.278,Direct,1.445,1.4454,-5.3486,2.9419,5.20817,5.19495,0.197595,0.322092,6.24387,Indirect,1.6783,1.8621,-5.88318,2.95682
219,KCa0.25Sr0.125Ge0.25Pb0.375I3,2x2x2,6.23494,Direct,1.543,1.5433,-5.40633,2.96592,5.1525,5.18112,0.192797,0.310113,6.21205,Direct,2.1675,2.1675,-5.98505,2.96995
220,KSr0.25Ge0.625Pb0.125I3,2x2x2,6.13338,Direct,1.283,1.2831,-4.73796,2.93329,6.66617,5.36775,0.24903,0.322097,6.14689,Direct,1.8017,1.8017,-5.16175,2.947
221,KCa0.125Sr0.25Ge0.25Sn0.125Pb0.25I3,2x2x2,6.2558,Direct,1.552,1.5527,-5.37812,2.95326,5.14073,5.19148,0.19283,0.308316,6.22565,Indirect,1.8844,2.0075,-5.93434,2.96316
222,KCa0.25Sr0.25Ba0.125Ge0.125Pb0.25Br3,2x2x2,5.9246,Direct,3.313,3.3131,-8.04562,0.411882,3.39113,4.43157,0.0101279,0.0217977,5.88947,Direct,4.027,4.027,-8.76654,0.438463
223,KSr0.125Ba0.125Ge0.125Sn0.125Pb0.5Br3,2x2x2,5.95484,Direct,1.576,1.5769,-6.72873,0.383648,4.3011,5.07825,0.142708,0.304407,5.94911,Direct,2.3454,2.3454,-7.31372,0.412529
224,KSr0.125Ba0.5Sn0.25Pb0.125Br3,2x2x2,6.13493,Indirect,2.986,3.0677,-8.0397,0.601296,3.28627,4.53155,0.0184923,0.0371834,6.09445,Direct,3.6298,3.6298,-8.75969,0.656564
225,KCa0.125Sr0.25Ba0.125Ge0.5Br3,2x2x2,5.79405,Direct,3.042,3.0429,-7.28,0.359746,3.79017,4.69859,0.0199193,0.0408609,5.7031,Direct,3.5184,3.5184,-7.8552,0.398545
226,KSr0.125Ba0.375Ge0.125Sn0.125Pb0.25Br3,2x2x2,6.04249,Indirect,2.93,3.166,-7.55813,0.521746,3.4773,4.54517,0.0139761,0.0275676,5.95273,Indirect,3.4537,3.6335,-8.22886,0.564889
227,KBa0.25Ge0.625Sn0.125Cl3,2x2x2,5.5202,Direct,1.711,1.7112,-7.37622,2.76516,4.33373,5.069,0.169762,0.283928,5.50983,Direct,2.4061,2.4061,-7.5639,2.9611
228,KCa0.375Sr0.125Ba0.125Ge0.125Sn0.125Pb0.125Cl3,2x2x2,5.58283,Direct,3.345,3.345,-9.29925,2.80238,3.0639,4.14907,0.00439667,0.0201621,5.55004,Direct,4.0655,4.0655,-9.73569,2.87431
229,KSr0.125Ba0.125Ge0.25Sn0.25Pb0.25Cl3,2x2x2,5.61518,Direct,1.958,1.9585,-7.71125,2.79075,3.94367,4.99454,0.147537,0.233719,5.60565,Direct,2.7044,2.7044,-7.97665,2.90335
230,KCa0.75Ba0.25Cl3,2x2x2,5.57213,Direct,4.485,4.4857,-10.9033,2.82466,2.71437,3.18603,0.0,0.0,5.57213,Direct,5.7679,5.7679,-11.5103,2.8622
231,MACa0.125Sn0.75Pb0.125I3,2x2x2,6.3609,Direct,1.038,1.0389,-5.14746,-0.0819643,6.99253,5.39954,0.21988,0.308291,6.51579,Indirect,2.6764,2.8095,-5.59548,0.429519
232,MACa0.125Sr0.5Ba0.125Pb0.25I3,2x2x2,6.50522,Indirect,2.924,3.0187,-7.361,0.0769974,3.75487,4.67128,0.0239235,0.0417151,6.47157,Indirect,3.7586,3.8604,-8.28065,0.46435
233,MABa0.25Ge0.125Sn0.625I3,2x2x2,6.47602,Direct,1.476,1.4763,-5.49054,-0.000165376,5.3944,5.23818,0.221255,0.31807,6.49382,Indirect,2.2962,2.3217,-6.07234,0.426415
234,MACa0.25Sr0.25Ba0.125Pb0.375Br3,2x2x2,6.05668,Indirect,3.661,3.6918,-8.65871,-0.0374569,3.40297,4.32185,0.00313475,0.00574826,6.0044,Direct,4.4124,4.4124,-9.54715,-0.0458968
235,MACa0.375Ge0.5Pb0.125Br3,2x2x2,5.88573,Direct,2.182,2.1829,-7.20866,-0.10116,4.08427,4.88137,0.0930175,0.186901,5.84538,Direct,3.1339,3.1339,-7.8499,-0.0873996
236,MACa0.125Sr0.25Ba0.125Sn0.125Pb0.375Br3,2x2x2,6.07358,Direct,3.193,3.1936,-8.18918,-0.0408001,3.54087,4.48728,0.0124785,0.0283277,6.00403,Direct,3.7528,3.7529,-9.00122,-0.0299728
237,MACa0.5Ba0.125Sn0.25Pb0.125Br3,2x2x2,5.984,Indirect,3.303,3.3059,-8.49613,-0.066127,3.55537,4.56841,0.0144771,0.0221819,5.93069,Direct,3.9511,3.9512,-9.31907,-0.0603165
238,MACa0.5Ba0.125Pb0.375Cl3,2x2x2,5.71913,Indirect,4.342,4.3468,-9.89288,-0.0878821,3.10917,3.60675,0.0,0.0,5.6723,Direct,5.2918,5.2918,-10.5015,-0.0727335
239,MACa0.25Sr0.25Ge0.375Pb0.125Cl3,2x2x2,5.64737,Direct,3.823,3.8237,-8.96987,-0.0676161,3.33227,4.175,0.00118487,0.00206152,5.57228,Direct,4.66,4.66,-9.41707,0.0516809
240,MASr0.25Ba0.125Ge0.375Sn0.25Cl3,2x2x2,5.74834,Direct,2.718,2.7239,-8.51871,-0.137208,3.43643,4.61965,0.0349201,0.0833982,5.70249,Indirect,3.6576,3.6934,-8.90665,-0.0266472
241,MACa0.125Sn0.5Pb0.375Cl3,2x2x2,5.7403,Direct,2.008,2.0085,-7.86144,-0.208941,4.0333,5.02157,0.123381,0.223945,5.78151,Direct,3.5808,3.5808,-8.18516,-0.142657
242,RbSr0.125Sn0.25Pb0.625I3,2x2x2,6.35461,Direct,1.279,1.2798,-5.09789,2.47361,6.473,5.40603,0.234664,0.321667,6.40846,Direct,1.9178,1.9179,-5.59005,2.48745
243,RbCa0.125Sr0.25Sn0.125Pb0.5I3,2x2x2,6.36448,Direct,1.683,1.683,-5.87185,2.51702,4.93603,5.13265,0.186256,0.288233,6.34456,Direct,2.2445,2.2445,-6.49385,2.49615
244,RbCa0.125Sr0.25Ba0.25Sn0.25Pb0.125I3,2x2x2,6.46596,Direct,2.602,2.602,-6.56141,2.60359,3.97793,4.88554,0.05238,0.105389,6.42928,Direct,3.0359,3.0359,-7.23552,2.60448
245,RbGe0.75Sn0.125Pb0.125I3,2x2x2,6.05375,Direct,0.544,0.5448,-4.10729,2.41484,13.5588,5.62169,0.119586,0.155562,6.16549,Direct,1.2472,1.2472,-4.29538,2.47712
246,RbSr0.5Ge0.125Sn0.25Pb0.125I3,2x2x2,6.35381,Direct,2.737,2.7374,-6.09548,2.51952,4.28903,4.974,0.0523889,0.0805854,6.26654,Direct,3.2074,3.2074,-6.68252,2.51623
247,RbCa0.25Ge0.25Sn0.375Pb0.125Br3,2x2x2,5.77813,Direct,1.539,1.5395,-6.78686,-0.0124891,5.36433,5.22868,0.22171,0.310704,5.78778,Direct,2.2064,2.2064,-7.26931,0.000693444
248,RbSr0.25Ba0.25Sn0.125Pb0.375Br3,2x2x2,6.06627,Indirect,3.149,3.1839,-7.94163,0.258999,3.43463,4.42763,0.0118647,0.0284209,5.98043,Direct,3.6573,3.6573,-8.62053,0.291973
249,RbSr0.25Ba0.25Ge0.25Pb0.25Br3,2x2x2,5.98601,Direct,3.3,3.3,-7.72753,0.261968,3.56143,4.5356,0.0122741,0.0224435,5.89498,Direct,3.8671,3.8671,-8.36267,0.294833
250,RbCa0.375Ge0.125Pb0.5Br3,2x2x2,5.83713,Direct,2.208,2.2081,-7.4593,0.0344493,4.1281,4.92012,0.1216,0.182207,5.80873,Direct,2.888,2.888,-8.09171,0.0295432
251,RbCa0.125Sr0.5Pb0.375Br3,2x2x2,5.96533,Direct,3.803,3.8035,-8.46402,0.153477,3.3328,4.19275,0.00113879,0.00257751,5.92579,Direct,4.5032,4.5032,-9.21639,0.151108
252,RbCa0.5Sr0.25Ge0.125Sn0.125Cl3,2x2x2,5.51041,Direct,3.738,3.7382,-10.0728,-0.0189729,3.06657,4.13986,0.001421,0.00441038,5.48291,Direct,4.4997,4.4997,-10.5411,0.023888
253,RbCa0.25Sr0.125Ge0.125Sn0.25Pb0.25Cl3,2x2x2,5.56504,Direct,2.436,2.4364,-8.5861,-0.0173518,3.6174,4.80228,0.0878893,0.136311,5.53083,Direct,3.2691,3.2691,-8.91744,0.0350557
254,RbCa0.125Ba0.625Ge0.125Sn0.125Cl3,2x2x2,5.84695,Direct,3.14,3.1408,-9.83543,0.454942,2.88587,4.13375,0.00736369,0.0314413,5.82361,Direct,3.8759,3.8759,-10.3073,0.536406
255,RbBa0.75Sn0.25Cl3,2x2x2,5.93573,Indirect,3.285,3.6518,-9.94257,0.498683,2.8397,4.22798,0.00326283,0.00612889,5.91025,Indirect,4.0563,4.5024,-10.4365,0.553477
256,RbCa0.375Ba0.25Ge0.375Cl3,2x2x2,5.56843,Direct,3.53,3.5308,-9.23205,0.172702,3.1972,4.2218,0.00448448,0.0114861,5.53328,Direct,4.2559,4.2559,-9.61656,0.284692
257,KSr0.625Ba0.25Pb0.125I3,2x2x2,6.5117,Direct,3.105,3.1052,-7.25573,3.02902,3.4733,4.49799,0.0139187,0.033911,6.5117,Direct,4.062,4.0621,-8.07644,3.06106
258,KCa0.5Ba0.125Ge0.375Cl3,2x2x2,5.45986,Direct,3.805,3.8059,-9.11817,2.71058,3.2059,4.1695,0.00103854,0.00242125,5.42728,Direct,4.6029,4.6029,-9.50344,2.83656
259,FABa0.125Ge0.125Sn0.75I3,2x2x2,6.5203,Direct,1.257,1.2574,-5.08554,-0.55179,5.98617,5.30433,0.218502,0.322378,6.63699,Direct,2.7725,2.7725,-5.56692,-0.548172
260,FASr0.375Ba0.125Pb0.5Br3,2x2x2,6.21096,Indirect,3.629,3.6549,-8.17917,-0.614171,3.48557,4.39627,0.00390533,0.00690009,6.1012,Direct,4.4184,4.4184,-9.02613,-0.643631
261,FABa0.375Ge0.25Pb0.375Br3,2x2x2,6.25227,Direct,2.834,2.8342,-7.52801,-0.630264,3.59013,4.63442,0.0311956,0.0659312,6.1012,Direct,3.8938,3.8938,-8.316,-0.687246
262,FACa0.25Sr0.125Pb0.625Br3,2x2x2,6.17305,Direct,2.817,2.8178,-7.69331,-0.69056,3.67533,4.68924,0.0406617,0.0675194,6.1393,Indirect,3.738,3.8675,-8.4577,-0.696453
263,FABa0.5Ge0.125Sn0.25Pb0.125Br3,2x2x2,6.23209,Indirect,3.193,3.197,-7.96599,-0.563487,3.61917,4.64587,0.0177651,0.028074,6.10484,Direct,3.7436,3.7436,-8.89946,-0.72571
264,MASr0.25Ba0.25Ge0.375Sn0.125I3,2x2x2,6.40917,Indirect,2.613,2.6144,-6.15648,0.1334,4.43787,5.04814,0.0645702,0.103267,6.32284,Direct,3.0204,3.0204,-6.84425,0.547002
265,MACa0.125Sr0.125Ba0.125Ge0.125Pb0.5I3,2x2x2,6.46773,Direct,1.985,1.9858,-6.06662,0.0853777,4.4931,5.07215,0.127772,0.228608,6.441,Direct,2.8399,2.8399,-6.80778,0.49347
266,MACa0.25Ba0.375Sn0.25Pb0.125Br3,2x2x2,6.11816,Indirect,2.982,2.9875,-8.52673,0.0377686,3.44157,4.55376,0.0195879,0.0467099,6.05577,Direct,3.4893,3.4893,-9.36873,0.0525194
267,MACa0.125Ge0.375Sn0.5Cl3,2x2x2,5.69004,Direct,2.043,2.0432,-7.45568,-0.249428,4.0241,5.01001,0.131423,0.216194,5.73893,Direct,3.36,3.36,-7.76102,-0.187274
268,FACa0.375Ge0.375Pb0.25I3,2x2x2,6.45465,Indirect,2.056,2.0602,-5.74556,-0.389061,4.48033,5.05296,0.116329,0.212049,6.46468,Indirect,2.9514,3.0127,-6.38348,-0.432233
269,CsBa0.125Ge0.875I3,2x2x2,6.11124,Direct,1.035,1.0359,-4.62816,0.117339,9.2944,5.51066,0.251798,0.308082,6.15273,Direct,1.605,1.605,-4.91502,0.13623
270,CsSn0.5Pb0.5I3,2x2x2,6.33413,Direct,0.963,0.9631,-4.94825,-0.0407545,8.1802,5.50843,0.210861,0.302199,6.42729,Direct,1.6539,1.6539,-5.34573,0.00427298
271,CsSr0.125Ba0.875Br3,2x2x2,6.30961,Direct,3.976,3.9762,-10.037,0.249991,2.9009,3.49605,3.08707e-05,0.000260973,6.30961,Direct,5.1008,5.1008,-10.9413,0.291174
272,CsBa0.875Sn0.125Cl3,2x2x2,6.00435,Indirect,3.584,3.9331,-10.7755,1.96663,2.7936,3.96242,0.000350335,0.000523961,6.00435,Indirect,4.4177,4.7129,-11.3458,2.07417
273,FAGe0.5Pb0.5Br3,2x2x2,6.13864,Direct,2.021,2.0213,-6.02969,-0.850691,4.52933,5.1422,0.157076,0.221227,6.25819,Indirect,3.7607,3.7816,-6.53232,-0.837315
274,KCa0.875Ge0.125I3,2x2x2,6.15444,Indirect,3.063,3.0823,-7.02649,2.89251,3.9296,4.64279,0.0257375,0.0364226,6.15444,Indirect,3.9002,3.9162,-7.75894,2.90481
275,KCa0.875Ba0.125I3,2x2x2,6.25824,Direct,3.201,3.2019,-7.51131,2.95019,3.5815,4.20108,0.00605668,0.0278806,6.25824,Direct,4.1623,4.1623,-8.32586,2.96914
276,KSn0.875Pb0.125Br3,2x2x2,5.85946,Direct,0.672,0.6721,-5.79374,0.174635,8.891,5.42065,0.133282,0.210898,5.95346,Direct,1.4921,1.4921,-6.12782,0.269684
277,KBa0.5Pb0.5Br3,2x2x2,6.14219,Indirect,3.383,3.7482,-7.73229,0.565709,3.32183,4.30758,0.00198275,0.00360825,6.05277,Indirect,4.0646,4.5346,-8.46292,0.612079
278,KCa0.5Ba0.5Br3,2x2x2,6.01076,Direct,3.681,3.6814,-9.48481,0.479194,2.9535,3.6802,0.000787767,0.00612076,6.01076,Direct,4.8118,4.8118,-10.3631,0.521902
279,KBa0.875Ge0.125Cl3,2x2x2,5.94865,Indirect,3.696,4.0007,-10.108,3.31223,2.6749,3.906,7.50639e-05,0.000131533,5.93985,Indirect,4.5807,4.9326,-10.6648,3.41024
280,KSr0.125Ge0.875Cl3,2x2x2,5.3274,Direct,1.361,1.3612,-6.88743,2.46357,5.5859,5.28241,0.211139,0.329603,5.35351,Direct,2.1302,2.1302,-6.97339,2.71911
281,KSr0.875Ba0.125Cl3,2x2x2,5.73009,Direct,4.363,4.3631,-10.9469,2.95988,2.6003,3.17515,0.0,0.0,5.73009,Direct,5.6418,5.6418,-11.5626,3.00989
282,MACa0.125Sn0.875I3,2x2x2,6.35679,Direct,0.992,0.9929,-5.10519,-0.106068,7.2473,5.40688,0.218579,0.304776,6.55171,Indirect,2.8925,2.9693,-5.53034,0.404656
283,MASr0.5Ge0.5I3,2x2x2,6.31544,Indirect,2.616,2.7783,-6.0445,0.124505,4.5513,5.06764,0.056608,0.0689709,6.23268,Direct,3.4319,3.4319,-6.70854,0.526458
284,MASr0.5Sn0.5Br3,2x2x2,6.03801,Direct,3.26,3.2603,-8.04826,-0.0577628,3.6596,4.70394,0.0187381,0.0248899,5.96027,Direct,3.942,3.942,-8.78242,-0.037417
285,MABa0.125Pb0.875Br3,2x2x2,6.08918,Direct,2.242,2.2425,-6.99143,-0.114679,4.27623,5.08983,0.112067,0.174684,6.10658,Indirect,3.4887,3.4936,-7.67074,-0.0669902
286,MACa0.5Pb0.5Cl3,2x2x2,5.68523,Indirect,4.332,4.3408,-9.41411,-0.134106,3.22387,3.6858,0.0,0.0,5.63391,Direct,5.3219,5.3219,-9.97837,-0.118371
287,RbGe0.875Sn0.125I3,2x2x2,6.00234,Direct,0.428,0.4282,-4.01183,2.38904,17.5722,5.643,0.0785358,0.0973728,6.11653,Direct,1.1452,1.1452,-4.16875,2.4425
288,RbBa0.5Sn0.5I3,2x2x2,6.52562,Direct,2.911,2.9118,-6.14274,2.59276,4.1786,4.98212,0.0476805,0.0563418,6.42021,Direct,3.3389,3.3389,-6.7334,2.6166
289,RbCa0.125Sr0.875I3,2x2x2,6.42537,Direct,3.305,3.3055,-7.89672,2.49978,3.3961,4.04127,0.0042772,0.022198,6.42537,Direct,4.2726,4.2726,-8.72736,2.49014
290,RbCa0.875Sn0.125Br3,2x2x2,5.75898,Indirect,3.42,3.6272,-9.25551,-0.018387,3.3151,4.21847,0.00514207,0.00737535,5.74112,Indirect,4.2034,4.3261,-10.0405,-0.0204626
291,RbCa0.125Ba0.875Br3,2x2x2,6.26518,Direct,3.674,3.6747,-9.67508,0.50567,2.8454,3.6721,0.000805793,0.00626518,6.26518,Direct,4.8001,4.8001,-10.5638,0.554932
292,RbSn0.125Pb0.875Br3,2x2x2,5.95514,Direct,1.527,1.5279,-6.27687,0.0447542,5.1377,5.27787,0.178453,0.312221,6.01148,Direct,2.3197,2.3197,-6.78786,0.0646414
293,RbSr0.875Ge0.125Cl3,2x2x2,5.65751,Indirect,3.963,4.2088,-10.6048,0.1432,2.8151,3.82751,0.0,0.0,5.63935,Indirect,4.867,5.0633,-11.1357,0.201809
294,RbCa0.875Sr0.125Cl3,2x2x2,5.46362,Direct,4.874,4.8745,-11.23,-0.0747616,2.8153,3.14714,0.0,0.0,5.46362,Direct,6.1855,6.1855,-11.8281,-0.069344
295,RbGe0.875Pb0.125Cl3,2x2x2,5.34888,Direct,1.092,1.0926,-6.61146,-0.243711,6.33603,5.34414,0.181505,0.317518,5.41698,Direct,1.9714,1.9715,-6.62547,0.0207781
296,CsSr0.25Ba0.25Ge0.25Sn0.125Pb0.125I3,2x2x2,6.41321,Direct,2.613,2.6133,-6.32702,0.156107,4.36313,4.99094,0.0564347,0.103315,6.31492,Direct,2.9839,2.9839,-6.92387,0.168628
297,CsSr0.25Ba0.75I3,2x2x2,6.70563,Direct,3.476,3.4761,-8.25249,0.224511,3.2998,4.02377,0.00283584,0.0138302,6.70563,Direct,4.4297,4.4297,-9.13231,0.252686
298,CsCa0.25Sr0.5Ge0.125Pb0.125Br3,2x2x2,5.92443,Direct,3.59,3.5905,-9.04079,-0.0735431,3.4128,4.33042,0.00594266,0.00918483,5.89134,Direct,4.3487,4.3487,-9.80456,-0.0808104
299,CsSr0.25Ge0.75Cl3,2x2x2,5.45033,Direct,1.864,1.8649,-7.84537,1.38463,4.6017,5.08995,0.169058,0.253674,5.44021,Direct,2.6047,2.6048,-8.03277,1.62223
300,CsSr0.125Ba0.625Ge0.125Sn0.125Cl3,2x2x2,5.8928,Direct,3.384,3.3848,-10.1625,1.8791,2.96813,4.14064,0.00455153,0.0177586,5.86624,Direct,4.1126,4.1126,-10.651,2.01154
301,CsSr0.125Sn0.875I3,2x2x2,6.30898,Direct,0.795,0.7958,-5.19976,-0.103138,9.1508,5.44863,0.187601,0.247152,6.36967,Direct,1.3911,1.3911,-5.57389,-0.0663932
302,CsCa0.875Pb0.125Br3,2x2x2,5.80224,Direct,4.253,4.2539,-9.56215,-0.201647,3.3636,3.8432,0.0,0.0,5.78192,Direct,5.0758,5.0758,-10.3902,-0.222672
303,CsGe0.5Sn0.5Br3,2x2x2,5.73622,Direct,0.67,0.6704,-5.96637,-0.281867,9.9111,5.47432,0.135929,0.209938,5.83046,Direct,1.4924,1.4924,-6.23224,-0.207245
304,CsGe0.125Sn0.875Cl3,2x2x2,5.5851,Direct,0.94,0.9401,-7.22342,1.34171,6.2272,5.31203,0.166354,0.298968,5.65202,Direct,1.7891,1.7891,-7.28808,1.50692
305,CsGe0.125Pb0.875Cl3,2x2x2,5.67964,Direct,2.015,2.0158,-7.55278,1.42447,4.2405,5.03888,0.112228,0.222465,5.72534,Direct,2.9044,2.9045,-7.81026,1.55349
306,KCa0.125Ge0.875I3,2x2x2,5.97672,Direct,0.836,0.8363,-4.1885,2.8265,11.1996,5.55605,0.210735,0.255986,6.05128,Direct,1.4589,1.4589,-4.45031,2.87594
307,FACa0.125Sr0.375Ba0.125Sn0.125Pb0.25I3,2x2x2,6.55336,Indirect,2.852,2.8581,-6.91311,-0.398734,4.0301,4.88155,0.0404008,0.062232,6.48556,Direct,3.3981,3.3981,-7.73613,-0.428627
308,FACa0.25Sr0.125Ba0.125Ge0.375Pb0.125Br3,2x2x2,6.14904,Indirect,3.224,3.2258,-7.72521,-0.639957,3.54653,4.5626,0.0138195,0.0265154,6.0971,Direct,3.8608,3.8608,-8.424,-0.627748
309,FACa0.125Pb0.875I3,2x2x2,6.51548,Indirect,1.996,1.9993,-5.41475,-0.420003,5.1476,5.29118,0.171235,0.225631,6.55163,Direct,3.0251,3.0251,-6.03993,-0.394926
310,MABa0.125Sn0.875I3,2x2x2,6.42785,Direct,1.111,1.1118,-5.14169,-0.0840685,6.63777,5.36998,0.231525,0.32358,6.55503,Indirect,2.5825,2.6489,-5.58456,0.42544
311,MABa0.5Ge0.5Br3,2x2x2,6.03316,Direct,3.384,3.3848,-7.70955,0.083448,3.764,4.69811,0.0139526,0.0177586,5.9507,Direct,4.0873,4.0874,-8.42212,0.117876
312,MASr0.5Pb0.5Cl3,2x2x2,5.79011,Indirect,4.368,4.3684,-9.47915,-0.0621479,3.12023,3.62955,0.0,0.0,5.7336,Direct,5.3125,5.3125,-10.0841,-0.0690927
313,MASr0.125Pb0.875Cl3,2x2x2,5.78175,Direct,2.641,2.6415,-8.06722,-0.144969,3.7001,4.81616,0.0524713,0.0981933,5.77792,Direct,3.9631,3.9631,-8.52039,-0.114136
314,FABa0.125Ge0.625Sn0.25Cl3,2x2x2,6.00152,Direct,2.924,2.9247,-7.3323,-1.0938,3.31083,4.63546,0.0332857,0.0546176,6.04706,Indirect,4.2976,4.333,-7.67605,-1.06105
315,FACa0.5Sn0.5Cl3,2x2x2,5.90148,Indirect,3.794,3.842,-9.07488,-0.879378,3.17337,4.20223,0.000971638,0.00173751,5.86468,Direct,4.7611,4.7611,-9.55343,-0.898426
316,FASr0.875Pb0.125I3,2x2x2,6.55708,Indirect,3.155,3.2733,-7.81941,-0.469663,3.6485,4.50766,0.0145864,0.0230821,6.53091,Direct,4.1955,4.1955,-8.73822,-0.495718
317,FACa0.5Sr0.5Cl3,2x2x2,5.86187,Direct,4.465,4.4654,-11.1058,-0.681778,2.82373,3.29056,0.0,0.0,5.84076,Direct,6.1249,6.1249,-11.8277,-0.702667
318,FASr0.875Sn0.125Br3,2x2x2,6.15028,Indirect,3.563,3.5705,-9.46236,-0.614482,3.2272,4.21532,0.00609647,0.00991534,6.12008,Direct,4.3582,4.3582,-10.3933,-0.637066
319,FACa0.25Sr0.125Sn0.375Pb0.25Cl3,2x2x2,5.9415,Direct,2.458,2.4587,-8.69765,-0.873025,3.38083,4.65399,0.0724062,0.13245,5.93802,Direct,3.5589,3.5589,-9.17223,-0.894734
320,FASr0.5Ba0.5Cl3,2x2x2,5.99333,Indirect,4.312,4.3305,-11.2633,-0.595336,2.81223,3.32515,0.0,0.0,5.94549,Direct,6.2361,6.2361,-12.2567,-0.846669
321,FABa0.5Sn0.375Pb0.125Cl3,2x2x2,5.94555,Direct,3.641,3.6418,-9.36808,-0.869705,3.28623,4.3345,0.00375516,0.00734246,5.87945,Direct,4.3813,4.3813,-9.88494,-0.863693
322,FASr0.125Ba0.125Ge0.125Sn0.25Pb0.375Cl3,2x2x2,6.00205,Indirect,2.459,2.4615,-8.20237,-0.870625,3.3701,4.65258,0.0582367,0.131451,5.93504,Indirect,4.2032,4.2108,-8.80257,-1.02632
323,FACa0.5Ge0.5Br3,2x2x2,6.06969,Indirect,3.365,3.3719,-7.55934,-0.714343,3.61067,4.62335,0.0134082,0.0185398,6.03531,Direct,4.2431,4.2431,-8.22638,-0.721382
324,MACa0.125Pb0.875I3,2x2x2,6.42094,Direct,1.904,1.9042,-5.41516,0.048593,5.27467,5.3238,0.176636,0.246236,,,,,,
325,MASr0.125Pb0.875I3,2x2x2,6.44544,Direct,1.941,1.941,-5.45043,0.0388233,5.18703,5.30927,0.172981,0.237883,,,,,,
326,MAGe0.125Pb0.875I3,2x2x2,6.41652,Direct,1.699,1.6997,-4.94545,0.0343044,5.67,5.39032,0.200113,0.285253,,,,,,
327,MASn0.125Pb0.875I3,2x2x2,6.42706,Direct,1.554,1.5546,-5.02421,0.0104185,5.7356,5.39687,0.197788,0.307986,,,,,,
328,MACa0.125Pb0.875Br3,2x2x2,6.04051,Direct,2.144,2.1448,-6.9427,-0.1332,4.31863,5.09823,0.111259,0.195417,,,,,,
329,MASr0.125Pb0.875Br3,2x2x2,6.06284,Direct,2.174,2.1741,-6.97637,-0.127622,4.2724,5.09014,0.109921,0.189364,,,,,,
330,MAGe0.125Pb0.875Br3,2x2x2,6.05947,Direct,2.077,2.077,-6.41479,-0.155544,4.44187,5.15173,0.117315,0.208945,,,,,,
331,MASn0.125Pb0.875Br3,2x2x2,6.06151,Direct,1.8,1.8001,-6.49778,-0.161151,4.61957,5.20048,0.140133,0.267675,,,,,,
332,MACa0.125Pb0.875Cl3,2x2x2,5.74237,Direct,2.684,2.6844,-8.04026,-0.152256,3.7144,4.77578,0.0442513,0.0899463,,,,,,
333,MABa0.125Pb0.875Cl3,2x2x2,5.79901,Direct,2.742,2.7419,-8.05728,-0.108279,3.65453,4.7613,0.0412217,0.0805854,,,,,,
334,MAGe0.125Pb0.875Cl3,2x2x2,5.74177,Direct,2.394,2.3942,-7.44669,-0.171441,3.95523,4.92499,0.0763995,0.144401,,,,,,
335,MASn0.125Pb0.875Cl3,2x2x2,5.76482,Direct,2.209,2.2092,-7.54857,-0.183445,3.9412,4.93078,0.0822265,0.182207,,,,,,
336,MACa0.125Pb0.875Br1.5Cl1.5,2x2x2,5.90311,Direct,2.429,2.4298,-7.48057,-0.131815,3.9376,4.91258,0.0683491,0.138132,,,,,,
337,MASr0.125Pb0.875Br1.5Cl1.5,2x2x2,5.92932,Direct,2.468,2.4682,-7.51247,-0.126974,3.89067,4.901,0.0661547,0.130693,,,,,,
338,MABa0.125Pb0.875Br1.5Cl1.5,2x2x2,5.96188,Direct,2.496,2.4966,-7.5094,-0.0965292,3.85567,4.88962,0.0641017,0.124983,,,,,,
339,MAGe0.125Pb0.875Br1.5Cl1.5,2x2x2,5.90491,Direct,2.179,2.1799,-6.93032,-0.163068,4.1396,5.01647,0.0905343,0.187707,,,,,,
340,MASn0.125Pb0.875Br1.5Cl1.5,2x2x2,5.91251,Direct,1.978,1.9781,-7.01314,-0.162265,4.24223,5.0603,0.111033,0.230044,,,,,,
341,CsCaI0.75Br2.25,2x2x2,5.89493,Direct,4.025,4.0256,-9.44944,-0.0979425,3.38763,3.58856,1.16105e-05,7.82207e-05,,,,,,
342,CsSnI1.875Br1.125,2x2x2,6.17073,Direct,0.547,0.547,-5.30539,-0.156389,9.1144,5.4456,0.109245,0.15665,,,,,,
343,CsPbI0.75Br2.25,2x2x2,5.99106,Direct,1.619,1.619,-6.10721,0.0197905,5.12543,5.28821,0.166201,0.297172,6.19722,Indirect,3.4171,3.4685,-6.60829,0.0692086
344,CsSrI2.25Br0.75,2x2x2,6.09739,Direct,3.603,3.603,-8.29756,0.434439,3.3391,3.81515,0.00134275,0.0088561,,,,,,
345,CsPbBr2.625Cl0.375,2x2x2,6.36741,Direct,1.78,1.78,-6.39339,0.386736,4.67137,5.17469,0.136218,0.271341,,,,,,
346,CsGeBr1.5Cl1.5,2x2x2,5.95668,Direct,1.615,1.615,-5.59097,1.06453,4.7033,5.14478,0.159009,0.297525,,,,,,
347,CsSrI0.75Br2.25,2x2x2,5.97208,Direct,3.846,3.846,-9.44386,0.194139,3.13437,3.56407,0.000188726,0.0016759,,,,,,
348,CsCaBr0.75Cl2.25,2x2x2,5.65469,Direct,4.927,4.927,-8.67209,3.40066,3.04013,3.22761,0.0,0.0,,,,,,
349,CsBaBr1.125Cl1.875,2x2x2,6.14363,Direct,4.187,4.187,-8.86523,3.33165,2.7527,3.29536,0.0,3.995e-08,,,,,,
350,CsSnI0.75Br2.25,2x2x2,5.65723,Direct,0.501,0.501,-7.77813,-2.12213,8.89743,5.42716,0.0904299,0.136246,,,,,,
351,CsCaI1.125Br1.875,2x2x2,5.55199,Direct,3.705,3.705,-11.6419,-2.5032,3.43497,3.71168,0.000716888,0.00544013,,,,,,
352,CsSnBr0.375Cl2.625,2x2x2,6.15887,Direct,0.905,0.905,-8.71816,-0.395789,5.72887,5.28102,0.150504,0.28614,5.84261,Indirect,4.2423,4.2704,-7.31845,1.2403
353,CsPbI0.375Br2.625,2x2x2,6.04433,Direct,1.688,1.6886,-6.40111,-0.115109,4.93613,5.24806,0.153281,0.287163,,,,,,
354,CsSnBr1.875Cl1.125,2x2x2,5.79508,Direct,0.681,0.6811,-6.62159,0.370284,6.88583,5.34211,0.124598,0.21578,,,,,,
355,CsSrBr2.625Cl0.375,2x2x2,5.98602,Direct,4.193,4.1936,-10.2838,0.184863,2.995,3.36051,0.0,0.0,,,,,,
356,MASrBr1.125Cl1.875,2x2x2,5.91937,Direct,4.731,4.7317,-10.8753,0.0205863,2.82083,3.18364,0.0,0.0,,,,,,
357,RbGeBr1.5Cl1.5,2x2x2,5.43664,Direct,0.767,0.7671,-5.94413,-0.18063,7.64657,5.41439,0.14732,0.241881,,,,,,
358,FAGeBr1.875Cl1.125,2x2x2,6.16604,Indirect,2.975,2.9938,-6.0177,-1.09583,3.40633,4.62486,0.0247674,0.0464645,6.20306,Indirect,4.1846,4.2885,-6.42529,-1.12904
359,RbSrBr1.5Cl1.5,2x2x2,5.86394,Direct,4.089,4.0901,-10.4912,0.218267,2.79193,3.31953,7.80603e-07,9.51015e-06,5.85146,Direct,5.2789,5.2794,-11.2314,0.233585
360,KCaI1.875Br1.125,2x2x2,6.02439,Direct,3.259,3.2592,-8.21424,1.92326,3.459,3.99673,0.00383329,0.0248899,6.02439,Direct,4.242,4.242,-9.03442,1.93808
361,FAGeI2.25Br0.75,2x2x2,6.4605,Direct,1.933,1.9339,-4.55564,-0.648138,4.45937,5.10231,0.141921,0.239716,6.58069,Direct,3.2422,3.2422,-4.9508,-0.723301
362,RbSnBr1.875Cl1.125,2x2x2,5.76451,Direct,0.621,0.6212,-6.35062,-0.0444929,7.19063,5.35186,0.112228,0.185774,,,,,,
363,FAGeBr2.25Cl0.75,2x2x2,6.20769,Direct,2.986,2.9864,-5.88674,-1.05749,3.43943,4.65639,0.0265897,0.0477043,,,,,,
364,MACaI2.25Br0.75,2x2x2,6.21091,Direct,3.663,3.6635,-8.33082,0.102679,3.53277,3.95267,0.0012894,0.0065938,,,,,,
365,RbPbI1.5Br1.5,2x2x2,6.17867,Direct,1.526,1.5266,-5.50276,1.34424,5.42123,5.35147,0.186389,0.312221,,,,,,
366,RbPbI2.625Br0.375,2x2x2,6.32106,Direct,1.449,1.4495,-4.96967,2.22908,5.89247,5.42143,0.199431,0.321096,,,,,,
367,FAGeBr2.625Cl0.375,2x2x2,6.23046,Direct,2.907,2.9078,-5.75123,-1.0146,3.50237,4.69774,0.0313696,0.0571866,,,,,,
368,RbGeI0.375Br2.625,2x2x2,5.62326,Direct,0.608,0.6088,-5.22317,0.214579,9.3883,5.50856,0.122649,0.179883,,,,,,
369,MAGeI0.375Br2.625,2x2x2,6.06347,Direct,1.977,1.9773,-5.39875,-0.224751,4.25483,5.06317,0.125919,0.230718,,,,,,
370,FAPbI2.625Br0.375,2x2x2,6.59993,Indirect,2.081,2.1097,-5.24279,-0.475541,4.695,5.22301,0.137761,0.199099,,,,,,
371,KGeBr2.25Cl0.75,2x2x2,5.47769,Direct,0.617,0.6175,-5.49471,0.65104,8.72583,5.46003,0.119612,0.184287,,,,,,
372,KSrI1.875Br1.125,2x2x2,6.2846,Direct,3.184,3.184,-8.33715,2.0456,3.18913,3.9931,0.00478431,0.0288004,6.2846,Direct,4.1602,4.1602,-9.1916,2.07465
373,RbCaBr2.625Cl0.375,2x2x2,5.7163,Direct,4.07,4.0706,-9.91849,-0.0321141,3.1068,3.4356,2.28319e-06,2.18401e-05,,,,,,
374,KSnBr0.375Cl2.625,2x2x2,5.60515,Direct,0.791,0.7914,-6.67391,2.31022,5.97337,5.30543,0.135268,0.24678,,,,,,
375,MASnI2.25Br0.75,2x2x2,6.37074,Direct,1.088,1.0885,-5.04355,-0.130551,6.17353,5.37587,0.20838,0.316377,6.63264,Direct,3.1778,3.1784,-5.43586,0.264136
376,KPbBr0.75Cl2.25,2x2x2,5.74909,Direct,1.966,1.9663,-6.87708,2.13417,4.08717,5.02794,0.109767,0.232612,,,,,,
377,RbSrI2.625Br0.375,2x2x2,6.4127,Direct,3.268,3.2687,-8.143,2.22925,3.3068,3.99913,0.00434095,0.0243861,,,,,,
379,KGeI1.875Br1.125,2x2x2,5.80418,Direct,0.445,0.4451,-4.24937,1.81738,12.7987,5.58056,0.0839922,0.106127,,,,,,
380,RbPbI0.75Br2.25,2x2x2,6.07316,Direct,1.588,1.5888,-5.8885,0.724001,5.079,5.29088,0.168638,0.302185,6.04317,Indirect,3.3944,3.5311,-6.43562,0.719383
381,KPbI1.125Br1.875,2x2x2,6.11437,Direct,1.479,1.4797,-5.45193,1.33782,5.26863,5.32322,0.178497,0.317036,,,,,,
382,MACaBr0.75Cl2.25,2x2x2,5.662,Direct,4.85,4.8501,-10.7989,-0.0156929,2.96873,3.22423,0.0,0.0,,,,,,
383,MABaBr0.375Cl2.625,2x2x2,6.10331,Indirect,4.615,4.6158,-11.245,0.208895,2.69493,3.16691,0.0,0.0,6.07326,Indirect,5.9017,5.9031,-12.0628,0.222244
384,RbBaBr1.875Cl1.125,2x2x2,6.23536,Direct,3.802,3.8023,-10.1587,0.599686,2.71453,3.54553,0.00027683,0.00257751,,,,,,
385,KGeBr0.375Cl2.625,2x2x2,5.30063,Direct,0.791,0.791,-6.19648,2.08115,6.9194,5.36456,0.140833,0.24678,,,,,,
386,CsSnI2.625Br0.375,2x2x2,6.23427,Direct,0.468,0.4687,-4.95593,-0.144933,10.7316,5.49823,0.0860771,0.118412,6.49774,Indirect,3.2733,3.2768,-5.17495,-0.0111981
387,KSrBr2.25Cl0.75,2x2x2,5.92359,Direct,3.783,3.7835,-9.91288,1.06387,2.8247,3.5406,0.000297275,0.00306105,,,,,,
388,CsSrI1.5Br1.5,2x2x2,6.25966,Direct,3.701,3.7012,-9.11942,0.0655772,3.23827,3.69931,0.00070919,0.00562556,,,,,,
389,KGeI0.375Br2.625,2x2x2,5.59717,Direct,0.54,0.5409,-5.03481,0.412943,10.066,5.51288,0.104683,0.1536,,,,,,
390,RbSnBr2.625Cl0.375,2x2x2,5.82543,Direct,0.578,0.578,-6.10336,-0.0499802,7.77583,5.38164,0.103409,0.168577,5.93109,Direct,1.4467,1.4467,-6.36258,0.0449205
391,RbSnI1.5Br1.5,2x2x2,6.0704,Direct,0.456,0.4565,-5.1823,1.1737,10.5225,5.46754,0.0797325,0.112143,6.28781,Indirect,3.4711,3.5001,-5.56942,1.14058
392,MASnI1.875Br1.125,2x2x2,6.32749,Direct,1.1,1.1004,-5.22432,-0.139822,5.9334,5.35598,0.201139,0.320041,6.60549,Indirect,3.3556,3.4004,-5.68951,0.135494
393,FACaBr0.375Cl2.625,2x2x2,5.81534,Direct,4.227,4.2271,-10.8816,-0.749772,2.9029,3.33642,0.0,0.0,5.78166,Direct,5.7001,5.7001,-11.7102,-0.863936
394,FAGeI1.875Br1.125,2x2x2,6.39709,Direct,1.915,1.9159,-4.73288,-0.702632,4.40297,5.07778,0.137729,0.243629,6.53082,Indirect,3.2762,3.3088,-5.1276,-0.766351
395,KBaBr2.625Cl0.375,2x2x2,6.29772,Direct,3.549,3.5498,-9.59697,1.11865,2.74383,3.75734,0.00153858,0.0106677,,,,,,
396,RbSnBr1.125Cl1.875,2x2x2,5.69692,Direct,0.707,0.7071,-6.61405,-0.0551777,6.5389,5.32421,0.128729,0.227184,,,,,,
397,KCaBr1.5Cl1.5,2x2x2,5.56886,Direct,4.156,4.1574,-10.2489,1.40158,2.95923,3.33994,0.0,2.94187e-07,,,,,,
398,RbCaBr0.375Cl2.625,2x2x2,5.47075,Direct,4.646,4.6464,-11.0317,-0.0870827,2.8806,3.19215,0.0,0.0,,,,,,
399,KGeI2.25Br0.75,2x2x2,5.85107,Direct,0.491,0.4912,-4.07205,2.14945,12.6821,5.59377,0.101593,0.130448,,,,,,
400,CsSnI2.25Br0.75,2x2x2,6.19262,Direct,0.463,0.4632,-5.11514,-0.135141,10.4175,5.48746,0.0841049,0.115746,6.29103,Direct,1.0902,1.0902,-5.37632,-0.0388232
401,MASrBr1.875Cl1.125,2x2x2,5.98333,Direct,4.464,4.4647,-10.5387,0.0143768,2.8938,3.25749,0.0,0.0,,,,,,
402,RbSrBr0.375Cl2.625,2x2x2,5.74426,Direct,4.352,4.3523,-11.0342,0.189465,2.6897,3.17783,0.0,0.0,,,,,,
403,KPbI2.25Br0.75,2x2x2,6.26199,Direct,1.44,1.4401,-4.89227,2.32423,5.7609,5.40484,0.196008,0.322794,,,,,,
404,CsGeBr0.75Cl2.25,2x2x2,5.41231,Direct,0.93,0.9304,-6.40492,0.890831,6.6898,5.36193,0.167892,0.296332,,,,,,
405,MASnBr2.25Cl0.75,2x2x2,6.05826,Direct,1.724,1.7246,-6.4032,-0.208451,4.467,5.18175,0.16733,0.281787,6.26492,Indirect,4.0157,4.017,-6.84531,-0.202815
406,FACaI1.875Br1.125,2x2x2,6.23336,Indirect,3.509,3.5122,-8.52416,-0.423164,3.55043,4.11422,0.00335701,0.0122627,,,,,,
407,KSrBr1.5Cl1.5,2x2x2,5.84823,Direct,3.93,3.931,-10.256,1.68845,2.75503,3.40751,4.90479e-05,0.000586056,5.83711,Direct,5.107,5.1079,-11.0068,1.71823
408,MASnBr0.375Cl2.625,2x2x2,5.88175,Direct,2.114,2.1146,-7.07465,-0.248026,3.93733,5.04422,0.108549,0.201699,6.08797,Direct,4.3634,4.3634,-7.42408,-0.300327
409,KCaBr1.875Cl1.125,2x2x2,5.62026,Direct,4.016,4.0165,-10.0625,1.09914,2.99087,3.39575,9.68044e-06,0.000110601,,,,,,
410,MACaI1.125Br1.875,2x2x2,6.0484,Direct,3.931,3.9319,-9.01003,0.0692232,3.36463,3.6821,9.58215e-05,0.000586056,,,,,,
411,MASrBr2.625Cl0.375,2x2x2,6.06009,Indirect,4.271,4.2723,-10.2137,-0.00329095,2.94603,3.31731,0.0,0.0,,,,,,
412,KSrI1.5Br1.5,2x2x2,6.22866,Direct,3.285,3.2866,-8.57153,1.73647,3.13347,3.94265,0.00382697,0.0231771,6.22866,Indirect,4.2801,4.2813,-9.43169,1.76331
413,MABaI1.125Br1.875,2x2x2,6.5605,Direct,3.776,3.7772,-9.43678,0.15422,2.997,3.60948,0.000359512,0.00320292,6.45567,Indirect,4.8506,4.8528,-10.5081,0.30311
414,MABaBr1.125Cl1.875,2x2x2,6.18065,Direct,4.574,4.5746,-10.9058,0.207816,2.74853,3.22595,0.0,0.0,,,,,,
415,MABaI0.375Br2.625,2x2x2,6.42134,Indirect,3.935,3.9364,-9.91703,0.121971,2.9294,3.49129,6.24493e-05,0.000586056,,,,,,
416,KPbBr1.125Cl1.875,2x2x2,5.78619,Direct,1.885,1.8856,-6.73603,1.83384,4.19587,5.06534,0.119497,0.249456,,,,,,
417,KGeBr1.5Cl1.5,2x2x2,5.4086,Direct,0.696,0.696,-5.76648,1.23202,8.0632,5.41965,0.136772,0.223136,,,,,,
418,KBaI0.75Br2.25,2x2x2,6.45454,Direct,3.322,3.3228,-8.96273,1.42977,2.87843,3.93954,0.00386217,0.0213919,,,,,,
419,MASnI2.625Br0.375,2x2x2,6.40158,Direct,1.027,1.0275,-4.87102,-0.129524,6.428,5.40044,0.200946,0.30728,6.67253,Direct,3.1136,3.1136,-5.24126,0.333736
420,KSnBr1.125Cl1.875,2x2x2,5.67941,Direct,0.668,0.6683,-6.3904,1.71597,6.71237,5.33026,0.121271,0.208984,,,,,,
421,FAPbBr2.625Cl0.375,2x2x2,6.07779,Direct,2.231,2.2314,-6.75584,-0.934216,4.4138,5.11452,0.102286,0.177334,6.18143,Indirect,3.8532,3.8931,-7.22747,-0.788724
422,FASrI1.5Br1.5,2x2x2,6.3623,Direct,3.528,3.5282,-9.18057,-0.631565,3.27053,3.82528,0.00200588,0.0114899,,,,,,
423,FASrBr0.375Cl2.625,2x2x2,5.89174,Direct,4.309,4.3092,-11.2979,-0.887026,2.87377,3.27266,0.0,0.0,5.86091,Direct,5.8959,5.8959,-12.0766,-0.915355
424,FASrBr0.75Cl2.25,2x2x2,5.92342,Direct,4.285,4.2855,-11.115,-0.854244,2.9078,3.30674,0.0,0.0,,,,,,
425,FASnBr1.875Cl1.125,2x2x2,6.24579,Indirect,2.221,2.2261,-6.61553,-1.03715,3.73753,4.95348,0.0988577,0.177673,6.36575,Indirect,3.9045,3.9334,-7.04132,-1.07632
426,FAGeBr1.5Cl1.5,2x2x2,6.16152,Direct,2.682,2.6827,-6.21187,-1.19737,3.411,4.73428,0.0504234,0.0909806,,,,,,
427,FACaI1.5Br1.5,2x2x2,6.15858,Direct,3.54,3.5408,-8.82914,-0.539138,3.51343,4.01803,0.00255089,0.0110538,6.13463,Direct,4.8798,4.8798,-9.80155,-0.606552
428,FABaBr1.875Cl1.125,2x2x2,6.29345,Direct,4.02,4.0201,-10.6754,-0.644755,2.8955,3.46623,1.10054e-05,9.37041e-05,6.26621,Direct,5.5089,5.5089,-11.6443,-0.673089
429,FASnBr0.75Cl2.25,2x2x2,6.16439,Direct,2.584,2.5858,-6.99374,-1.09999,3.47673,4.82942,0.0548007,0.108391,6.24473,Direct,3.8822,3.8822,-7.35203,-1.16203
430,FACaI0.375Br2.625,2x2x2,6.05772,Direct,3.65,3.6501,-9.47752,-0.620516,3.25357,3.71302,0.00102747,0.0071463,,,,,,
431,FASnBr1.125Cl1.875,2x2x2,6.22976,Direct,2.582,2.5826,-6.86512,-1.0765,3.4948,4.85975,0.0634295,0.10949,,,,,,
432,FASnI2.25Br0.75,2x2x2,6.44546,Direct,1.528,1.5283,-5.18541,-0.793907,5.22017,5.27664,0.199474,0.312496,,,,,,
433,FAPbBr0.375Cl2.625,2x2x2,5.89698,Direct,2.637,2.6371,-7.54252,-1.07515,3.8852,4.8436,0.0495096,0.0992209,5.98193,Indirect,4.1289,4.1561,-7.94895,-1.0377
434,FABaI2.625Br0.375,2x2x2,6.77002,Direct,3.391,3.3915,-8.72116,-0.521406,3.26923,3.9715,0.00363028,0.0174789,6.73302,Direct,4.7594,4.7594,-9.75424,-0.541745
435,MAPbBr0.75Cl2.25,2x2x2,5.87087,Direct,2.298,2.2988,-7.31993,-0.153677,3.9851,4.96108,0.0783177,0.163648,,,,,,
436,MAPbI1.5Br1.5,2x2x2,6.24891,Direct,1.893,1.8938,-5.7851,-0.0381034,5.04123,5.29965,0.156752,0.247945,6.30742,Indirect,3.2688,3.3437,-6.39714,0.222864
437,MAPbBr1.5Cl1.5,2x2x2,5.93314,Indirect,2.262,2.2643,-7.06749,-0.158989,4.11217,5.01505,0.0842336,0.170334,,,,,,
438,MAPbBr2.25Cl0.75,2x2x2,6.00534,Direct,2.094,2.0946,-6.79674,-0.145994,4.31953,5.10883,0.109096,0.205234,6.10005,Indirect,3.641,3.6745,-7.22743,0.0425658
439,MAPbI2.25Br0.75,2x2x2,6.34773,Direct,1.829,1.8293,-5.41657,0.00742993,5.31643,5.34737,0.177945,0.261808,,,,,,
440,MAPbI0.75Br2.25,2x2x2,6.15073,Direct,1.982,1.9825,-6.15282,-0.0828232,4.78167,5.23842,0.143035,0.229253,,,,,,
441,K0.625Rb0.25Cs0.125SnBr3,2x2x2,5.8545,Direct,0.57,0.5702,-5.87484,0.0511591,8.27653,5.3965,0.101977,0.165548,,,,,,
442,K0.125Rb0.375Cs0.5SnCl3,2x2x2,5.60296,Direct,0.958,0.9585,-7.14438,0.962745,5.56913,5.27532,0.156161,0.301338,,,,,,
443,K0.5Cs0.5PbI3,2x2x2,6.37856,Direct,1.466,1.4668,-4.80778,1.52922,6.08253,5.43886,0.205578,0.319003,,,,,,
444,K0.125Rb0.875SrBr3,2x2x2,5.99498,Direct,3.856,3.856,-9.79548,0.226647,2.9301,3.53761,0.000162003,0.00158581,,,,,,
445,K0.375Rb0.375Cs0.25BaI3,2x2x2,6.76534,Direct,3.218,3.2183,-7.92018,2.29945,3.2109,4.15734,0.0065775,0.0269902,,,,,,
446,K0.25Rb0.125Cs0.625BaI3,2x2x2,6.77103,Direct,3.327,3.3274,-8.0805,1.31238,3.23453,4.10999,0.00500696,0.0211742,,,,,,
447,K0.75Cs0.25SnI3,2x2x2,6.24956,Direct,0.411,0.4117,-4.39539,1.99261,12.5152,5.51568,0.0678707,0.0889437,,,,,,
448,K0.625Rb0.125Cs0.25PbI3,2x2x2,6.37184,Direct,1.458,1.4586,-4.69957,2.19631,6.07957,5.44087,0.206234,0.319963,,,,,,
450,K0.5Rb0.125Cs0.375GeBr3,2x2x2,5.71556,Direct,1.907,1.907,-5.53703,-0.21141,4.57973,5.08817,0.118806,0.245582,,,,,,
451,K0.25FA0.75SrBr3,2x2x2,6.1161,Direct,4.169,4.1699,-10.039,-0.516704,3.00813,3.46264,0.0,1.05947e-07,,,,,,
452,K0.50Rb0.125MA0.375SrCl3,2x2x2,5.62483,Direct,5.181,5.1812,-11.3659,1.27721,2.73587,3.09162,0.0,0.0,,,,,,
453,K0.375Cs0.125FA0.5CaI3,2x2x2,6.22883,Direct,3.556,3.5565,-7.91031,0.767188,3.7447,4.17533,0.00303408,0.0104934,,,,,,
454,K0.25Rb0.25FA0.5SrI3,2x2x2,6.4052,Indirect,3.635,3.637,-8.23149,0.894761,3.49593,3.98036,0.00206612,0.0075377,,,,,,
455,MA0.125FA0.875CaBr3,2x2x2,6.13597,Direct,4.001,4.001,-9.7053,-0.574423,3.0034,3.51959,1.7562e-05,0.000144846,,,,,,
456,Rb0.25Cs0.125MA0.625GeBr3,2x2x2,5.86516,Direct,1.572,1.5723,-5.56062,-0.234875,4.99067,5.1996,0.203468,0.30537,,,,,,
457,Rb0.375Cs0.25FA0.375SnBr3,2x2x2,6.01268,Indirect,1.839,1.8537,-6.16163,-0.466878,4.7956,5.21549,0.171798,0.253654,,,,,,
458,K0.375Rb0.125Cs0.125FA0.375GeI3,2x2x2,6.36557,Indirect,1.768,1.8014,-4.05191,1.08909,4.9848,5.2212,0.169831,0.261317,,,,,,
459,K0.375Rb0.125Cs0.125MA0.375PbCl3,2x2x2,5.69435,Direct,2.625,2.6252,-7.51138,1.04975,3.80547,4.78083,0.0427173,0.101285,,,,,,
460,K0.25Rb0.125FA0.625GeI3,2x2x2,6.3359,Direct,1.559,1.5597,-4.11664,0.598105,5.32997,5.26316,0.191282,0.307051,,,,,,
461,Rb0.375FA0.625SnCl3,2x2x2,5.86807,Direct,2.474,2.4748,-7.23656,-0.819809,3.68127,4.90672,0.0677955,0.128823,,,,,,
462,K0.375Rb0.125Cs0.125MA0.375PbI3,2x2x2,6.33303,Direct,1.824,1.8246,-4.97119,1.31568,5.5475,5.37749,0.163884,0.262815,,,,,,
463,Cs0.25FA0.75PbI3,2x2x2,6.46646,Direct,1.711,1.7111,-5.15686,-0.38961,5.73703,5.41147,0.193197,0.283928,,,,,,
464,K0.5Rb0.125FA0.375BaI3,2x2x2,6.58784,Indirect,3.711,3.7134,-8.39439,1.37761,3.38417,3.97171,0.00150099,0.0050936,,,,,,
465,Cs0.5FA0.5BaI3,2x2x2,6.74641,Indirect,3.698,3.7029,-8.53573,-0.263232,3.3192,3.95664,0.00147548,0.0054314,,,,,,
466,MA0.875FA0.125GeBr3,2x2x2,6.06075,Direct,2.153,2.1534,-5.60997,-0.371842,3.94593,4.95765,0.0914602,0.193254,,,,,,
467,K0.375Cs0.125FA0.5GeCl3,2x2x2,5.82248,Direct,3.145,3.1453,-6.6604,0.288101,3.26563,4.54983,0.0164723,0.0312157,,,,,,
468,K0.25Rb0.125Cs0.125FA0.5BaBr3,2x2x2,6.36243,Direct,4.02,4.0205,-10.1012,-0.180589,2.87263,3.51283,1.29776e-05,9.36759e-05,,,,,,
469,K0.375Cs0.25MA0.375SnI3,2x2x2,6.32822,Direct,1.087,1.0875,-4.64731,0.840685,6.31807,5.39987,0.194389,0.316187,,,,,,
470,MA0.25FA0.75SrI3,2x2x2,6.5756,Direct,3.43,3.4304,-8.29973,-0.444483,3.41073,3.96865,0.00319422,0.015489,,,,,,
471,MA0.125FA0.875SnCl3,2x2x2,6.02607,Indirect,2.663,2.6647,-7.32102,-1.1109,3.45113,4.79091,0.0479705,0.0940652,,,,,,
472,Cs8Ba8I18Cl6,2x2x2,6.47795,Direct,3.719,3.7196,-9.20342,0.535328,3.249,3.79445,0.000827968,0.00493282,,,,,,
473,Cs8Ba8I21Cl3,2x2x2,6.71227,Indirect,3.504,3.5053,-8.70849,0.432387,3.1778,3.91809,0.00219472,0.0124907,,,,,,
474,Cs8Ba8I3Cl21,2x2x2,6.14192,Direct,4.067,4.067,-10.867,1.8611,2.7531,3.31728,1.74948e-06,2.18467e-05,,,,,,
475,Cs8Ba8I6Cl18,2x2x2,6.11573,Direct,3.897,3.8972,-10.6251,1.50511,2.94943,3.44036,8.78819e-05,0.000963099,,,,,,
476,Cs8Ba8I9Cl15,2x2x2,6.25259,Indirect,3.603,3.6221,-10.2657,1.26669,3.00067,3.59999,0.000823139,0.00805326,,,,,,
477,Cs8Ca8Cl12I12,2x2x2,5.88689,Direct,4.011,4.0119,-9.55134,0.905164,3.37267,3.61901,1.99963e-05,0.000127138,,,,,,
478,Cs8Ca8Cl15I9,2x2x2,5.81192,Indirect,3.811,3.8126,-9.97149,1.08038,3.25663,3.60819,0.000278726,0.0022887,,,,,,
479,Cs8Ca8Cl21I3,2x2x2,5.56844,Direct,4.474,4.4741,-10.9321,1.31054,3.08477,3.27835,0.0,0.0,,,,,,
480,Cs8Ca8Cl3I21,2x2x2,6.15925,Direct,3.645,3.6455,-8.40826,0.262119,3.64147,4.02019,0.00175692,0.00734485,,,,,,
481,Cs8Sn8Cl18I6,2x2x2,5.91641,Direct,1.686,1.6864,-6.64133,1.01042,4.54453,5.12749,0.182287,0.287814,,,,,,
482,K8Ca8I3Cl21,2x2x2,5.38401,Direct,4.637,4.6372,-10.7734,2.43221,3.01463,3.26824,0.0,0.0,,,,,,
484,Rb8Ba8I18Cl6,2x2x2,6.40608,Direct,3.739,3.7398,-9.03958,1.87717,3.19957,3.8044,0.000806252,0.00440898,,,,,,
485,Rb8Ba8I21Cl3,2x2x2,6.47112,Direct,3.798,3.798,-8.70799,2.09338,3.29223,3.85453,0.000571004,0.00257751,,,,,,
486,Rb8Ba8I3Cl21,2x2x2,6.12613,Direct,3.789,3.7891,-10.5479,0.945718,2.66403,3.43564,0.000243215,0.0029058,,,,,,
487,Rb8Ba8I6Cl18,2x2x2,5.99052,Indirect,3.929,3.9535,-10.5644,0.813862,2.93007,3.45654,4.43209e-05,0.000424633,,,,,,
488,Rb8Ba8I9Cl15,2x2x2,6.10568,Indirect,3.612,3.6142,-10.1722,1.09069,3.0072,3.61625,0.000933823,0.00849979,,,,,,
489,Rb8Ca8Cl12I12,2x2x2,5.80053,Indirect,3.814,3.8446,-9.44477,1.22473,3.3143,3.66333,0.000239505,0.0016598,,,,,,
490,Rb8Ca8Cl15I9,2x2x2,5.73744,Indirect,3.524,3.5478,-9.80679,0.975587,3.1888,3.64321,0.00108842,0.0105854,,,,,,
491,Rb8Ca8Cl18I6,2x2x2,5.5817,Indirect,4.251,4.2663,-10.3086,0.586603,3.12403,3.39834,0.0,0.0,,,,,,
492,Rb8Ca8Cl6I18,2x2x2,5.9682,Direct,3.781,3.7814,-8.62511,1.81864,3.52183,3.87007,0.00062652,0.00306202,,,,,,
493,Rb8Ca8Cl9I15,2x2x2,5.8715,Direct,3.772,3.7725,-9.04713,1.50949,3.4423,3.7904,0.000572513,0.00335316,,,,,,
494,FA8Ge8I9Cl15,2x2x2,6.21008,Direct,2.156,2.1564,-5.81632,-1.07744,3.84683,4.95218,0.10975,0.193254,,,,,,
495,FA8Sn8I3Cl21,2x2x2,6.12104,Direct,2.576,2.5766,-6.99281,-1.13919,3.61603,4.87873,0.062204,0.110535,,,,,,
496,MA8Pb8Cl9I15,2x2x2,6.25445,Direct,1.867,1.867,-5.97495,-0.00282647,4.8609,5.27113,0.163833,0.253849,,,,,,
497,MA8Sr8Cl6I18,2x2x2,6.38852,Indirect,3.693,3.694,-8.90752,0.100229,3.20793,3.68776,0.000730834,0.00580431,,,,,,
498,FA8Sr8Cl12I12,2x2x2,6.27085,Indirect,3.591,3.5988,-9.84454,-0.695044,3.13307,3.82243,0.00179642,0.00883272,,,,,,
